Open,High,Low,Close,Date,Volume
329.5,329.5,322.75,323.98,10/02/2014 12:00:00 AM,28650
329,329,320.78,323.5,11/02/2014 12:00:00 AM,33992
324.5,327.83,322.3,323.88,12/02/2014 12:00:00 AM,17472
323.63,323.63,315.55,318.15,13/02/2014 12:00:00 AM,16130
319,326.5,315.4,322.85,14/02/2014 12:00:00 AM,30832
324,326.5,320.18,325.63,17/02/2014 12:00:00 AM,24273
325.25,341.65,325,340.03,18/02/2014 12:00:00 AM,41176
340,344,335.53,342.95,19/02/2014 12:00:00 AM,43268
342.5,342.5,334.03,335.4,20/02/2014 12:00:00 AM,23078
336,338.63,332.55,335.53,21/02/2014 12:00:00 AM,25776
335,340.5,331.28,338.55,24/02/2014 12:00:00 AM,25465
338.5,341.45,336.13,338.15,25/02/2014 12:00:00 AM,16950
339.15,345.45,339.05,342.48,26/02/2014 12:00:00 AM,24495
342.5,346,338.6,341.6,28/02/2014 12:00:00 AM,34921
342,346,335,335.7,03/03/2014 12:00:00 AM,19741
335,339.7,333,338.45,04/03/2014 12:00:00 AM,20731
339.5,341.88,335.38,340.25,05/03/2014 12:00:00 AM,25651
341.5,345.75,339.5,344.2,06/03/2014 12:00:00 AM,41514
347.5,358.5,345.58,355.95,07/03/2014 12:00:00 AM,111115
358.5,376,350.58,375.03,10/03/2014 12:00:00 AM,102305
375.95,378.98,367.5,372.2,11/03/2014 12:00:00 AM,61251
372.4,375.95,367.58,371.43,12/03/2014 12:00:00 AM,32386
372.5,387.5,372,382.15,13/03/2014 12:00:00 AM,82719
378.5,380.5,366.88,378.18,14/03/2014 12:00:00 AM,39629
378,392,378,382.5,18/03/2014 12:00:00 AM,32683
383.45,383.5,378.98,381.43,19/03/2014 12:00:00 AM,16669
378.25,380.8,371.55,374.08,20/03/2014 12:00:00 AM,18629
376.68,377.75,369.5,371.78,21/03/2014 12:00:00 AM,25772
372.55,372.55,367.5,369.9,22/03/2014 12:00:00 AM,3453
373.2,384.65,372.58,382.78,24/03/2014 12:00:00 AM,49421
382.78,388.5,382.78,385.95,25/03/2014 12:00:00 AM,36604
388.5,389.7,381.75,385.95,26/03/2014 12:00:00 AM,29462
386.3,389,380.55,386.03,27/03/2014 12:00:00 AM,48304
384.4,393.85,383,389.48,28/03/2014 12:00:00 AM,53805
390.1,392.23,384,389,31/03/2014 12:00:00 AM,34435
389.5,390.5,376.08,382.88,01/04/2014 12:00:00 AM,63736
384.7,386.05,379.73,385.05,02/04/2014 12:00:00 AM,36098
385,385,378.15,380.38,03/04/2014 12:00:00 AM,17851
378.5,380.4,375.45,377.65,04/04/2014 12:00:00 AM,20260
380.38,384.98,355.68,383.65,07/04/2014 12:00:00 AM,15550
386.88,392.6,382.5,392.05,09/04/2014 12:00:00 AM,39243
392,405.5,390.5,401.38,10/04/2014 12:00:00 AM,86790
395.25,405,395.25,403.08,11/04/2014 12:00:00 AM,49069
402.75,402.75,389.93,395.53,15/04/2014 12:00:00 AM,45106
390.53,396.25,387.38,392.33,16/04/2014 12:00:00 AM,430829
392.75,402.4,390.75,400.48,17/04/2014 12:00:00 AM,850125
402,404,397.75,401.13,21/04/2014 12:00:00 AM,23186
400,403.03,398.08,400.83,22/04/2014 12:00:00 AM,36213
400.03,412.5,400.03,410.3,23/04/2014 12:00:00 AM,60501
408.03,416.98,402.68,404.08,25/04/2014 12:00:00 AM,99367
401.5,414.9,398.5,411.48,28/04/2014 12:00:00 AM,73536
410,412.23,402.6,403.85,29/04/2014 12:00:00 AM,83557
405,409,398,401.63,30/04/2014 12:00:00 AM,76723
401.45,404.88,399.7,401.9,02/05/2014 12:00:00 AM,18659
392.5,405.58,392.5,403.85,05/05/2014 12:00:00 AM,25033
403,405,400.7,403.25,06/05/2014 12:00:00 AM,9166
403,407.73,400.8,404.93,07/05/2014 12:00:00 AM,24746
406,410.2,404.13,406.63,08/05/2014 12:00:00 AM,21727
405.95,427.95,405.48,425.93,09/05/2014 12:00:00 AM,106156
425,432.33,423.43,425.25,12/05/2014 12:00:00 AM,50187
425,434,424.25,430.3,13/05/2014 12:00:00 AM,88080
428.5,442,426.5,429.68,14/05/2014 12:00:00 AM,99288
432.5,437,430.18,434.63,15/05/2014 12:00:00 AM,66438
440,475,440,452.68,16/05/2014 12:00:00 AM,286930
454,465.48,453.48,458.1,19/05/2014 12:00:00 AM,57574
462,462,447.83,451.75,20/05/2014 12:00:00 AM,25581
449,452.5,442.5,448.4,21/05/2014 12:00:00 AM,31286
449.83,454.48,444.5,446.4,22/05/2014 12:00:00 AM,29695
449.5,449.5,437.13,439.88,23/05/2014 12:00:00 AM,58351
439,444.55,425.33,431.73,26/05/2014 12:00:00 AM,60953
431,436.98,425.3,435.13,27/05/2014 12:00:00 AM,37313
436.5,436.75,426.75,429.53,28/05/2014 12:00:00 AM,22245
430.5,435.2,427.48,429.98,29/05/2014 12:00:00 AM,37811
430.5,440,421.95,433.78,30/05/2014 12:00:00 AM,25115216
437.48,445.45,427.58,442.8,02/06/2014 12:00:00 AM,55816
441.68,442.65,433.33,436.35,03/06/2014 12:00:00 AM,39697
435,436.7,428.05,430.95,04/06/2014 12:00:00 AM,45477
431.33,436,426.98,433.05,05/06/2014 12:00:00 AM,34157
436.93,453.98,433,451.5,06/06/2014 12:00:00 AM,162884
454.5,458.38,448.13,449.73,09/06/2014 12:00:00 AM,66983
451.5,451.73,440.95,448.65,10/06/2014 12:00:00 AM,29959
451,466.55,451,464.05,11/06/2014 12:00:00 AM,118887
464.75,469.23,459.3,467.1,12/06/2014 12:00:00 AM,63525
466.5,475,457,458.38,13/06/2014 12:00:00 AM,61059
459.5,466.45,453.05,465.28,16/06/2014 12:00:00 AM,27515
462.5,472.5,456.35,469.73,17/06/2014 12:00:00 AM,36149
472.5,485.9,470.8,480,18/06/2014 12:00:00 AM,123578
476.13,480.58,460.1,461.43,19/06/2014 12:00:00 AM,106481
464.53,471,460.05,465.33,20/06/2014 12:00:00 AM,49901
464.75,464.75,444.33,447.5,23/06/2014 12:00:00 AM,131413
449.78,450.2,437.18,439.88,24/06/2014 12:00:00 AM,111679
443.95,444.5,438,441.9,25/06/2014 12:00:00 AM,55529
442.95,444.7,429.78,432.65,26/06/2014 12:00:00 AM,52329
433.5,436.2,428.4,434,27/06/2014 12:00:00 AM,46689
439.85,443.2,432.53,442.58,30/06/2014 12:00:00 AM,57192
442.3,444.23,440.28,442.43,01/07/2014 12:00:00 AM,39461
442.5,448.5,442,446.65,02/07/2014 12:00:00 AM,49931
445.48,449.5,443.5,444.95,03/07/2014 12:00:00 AM,7211
446,446.85,440.1,442.23,04/07/2014 12:00:00 AM,29454
440.88,443.45,427.33,436.83,07/07/2014 12:00:00 AM,140847
441.25,446.2,432.93,435.9,08/07/2014 12:00:00 AM,105405
436,439,426,431.7,09/07/2014 12:00:00 AM,43280
432,443.5,426.43,433.58,10/07/2014 12:00:00 AM,99498
439.25,441.25,423.58,429.38,11/07/2014 12:00:00 AM,106109
431.18,431.18,425.55,427.48,14/07/2014 12:00:00 AM,22565
431.28,437.13,427.65,435.7,15/07/2014 12:00:00 AM,90364
439.25,443.4,433.08,442.13,16/07/2014 12:00:00 AM,152654
445,458.6,442.5,457.4,17/07/2014 12:00:00 AM,318899
455.03,473.83,451.4,467.55,18/07/2014 12:00:00 AM,143415
481,482.5,467.55,469.68,21/07/2014 12:00:00 AM,116111
472,475.3,465.75,473.28,22/07/2014 12:00:00 AM,224198
472.68,476.9,464.35,466.68,23/07/2014 12:00:00 AM,38876
465.03,470.5,464.43,469.35,24/07/2014 12:00:00 AM,55901
467.5,476.2,467.5,471.88,25/07/2014 12:00:00 AM,56700
471.5,473.78,461.58,469.48,28/07/2014 12:00:00 AM,41981
470,488.25,470,487.33,30/07/2014 12:00:00 AM,82158
485.13,489.68,474.75,476.83,31/07/2014 12:00:00 AM,53746
477,477,460.65,462.58,01/08/2014 12:00:00 AM,56562
466.5,470.68,464.43,468.58,04/08/2014 12:00:00 AM,39974
471.05,471.05,463.73,468.68,05/08/2014 12:00:00 AM,49312
468.68,471.7,463.13,466.55,06/08/2014 12:00:00 AM,42361
466.25,474.8,462.75,469.73,07/08/2014 12:00:00 AM,38968
467.5,470.4,459.53,466.58,08/08/2014 12:00:00 AM,32756
468,477.5,467.43,475.55,11/08/2014 12:00:00 AM,43993
475,485,472.98,482.4,12/08/2014 12:00:00 AM,61884
483.48,484.95,475.5,478.83,13/08/2014 12:00:00 AM,124878
480,480,472.8,476.4,14/08/2014 12:00:00 AM,42972
475.18,487.3,474.6,483.55,18/08/2014 12:00:00 AM,30108
481.5,492.5,481.5,490.25,19/08/2014 12:00:00 AM,47002
490.13,499.45,487.88,498.5,20/08/2014 12:00:00 AM,83874
499.5,513.45,497.5,508.05,21/08/2014 12:00:00 AM,1774597
510.5,517.5,509.4,515.9,22/08/2014 12:00:00 AM,56499
514.08,527.38,512.5,522.55,25/08/2014 12:00:00 AM,48855
522,530,519.98,528.38,26/08/2014 12:00:00 AM,266884
525,529.55,515.55,519.95,27/08/2014 12:00:00 AM,48125
520,524.25,515.75,518,28/08/2014 12:00:00 AM,29605
510.5,526.68,510.5,524.53,01/09/2014 12:00:00 AM,20183
521.68,531.5,517.7,528.95,02/09/2014 12:00:00 AM,30901
532.5,532.68,524.5,528.93,03/09/2014 12:00:00 AM,41469
527,533.25,524.9,529.65,04/09/2014 12:00:00 AM,30551
529.5,541.25,527.28,537.83,05/09/2014 12:00:00 AM,43977
542.5,542.5,530.45,538.8,08/09/2014 12:00:00 AM,38709
538.9,543.05,534.55,536.93,09/09/2014 12:00:00 AM,25527
536.93,536.93,530.93,532.58,10/09/2014 12:00:00 AM,20519
531.75,536.68,528.5,532.53,11/09/2014 12:00:00 AM,37271
529.9,535.95,529.1,534.55,12/09/2014 12:00:00 AM,17270
534.5,534.5,522.2,523.7,15/09/2014 12:00:00 AM,22107
523.13,525,512.75,514.58,16/09/2014 12:00:00 AM,24663
514.58,518,509.28,510.6,17/09/2014 12:00:00 AM,25465
510,525.2,510,523.73,18/09/2014 12:00:00 AM,22012
525,534.25,524.15,531.53,19/09/2014 12:00:00 AM,35294
527,528.33,517.93,522.1,22/09/2014 12:00:00 AM,34316
515.5,525.75,514.55,521.18,23/09/2014 12:00:00 AM,33170
520.75,522.73,514.5,518.4,24/09/2014 12:00:00 AM,24123
517.25,527.5,512.45,514.25,25/09/2014 12:00:00 AM,28864
505,517.5,505,511.13,26/09/2014 12:00:00 AM,43254
508.15,508.95,497.9,501.13,29/09/2014 12:00:00 AM,42733
501.75,514.5,501.75,506.73,30/09/2014 12:00:00 AM,51112
503.43,506.95,501.15,505.55,01/10/2014 12:00:00 AM,21429
503.63,506.08,498,503.3,07/10/2014 12:00:00 AM,33229
501.7,505.45,499.25,500.9,08/10/2014 12:00:00 AM,25880
501,512.85,501,511.6,09/10/2014 12:00:00 AM,31006
510.5,510.5,499.28,502.28,10/10/2014 12:00:00 AM,54327
501,505.63,495,504.48,13/10/2014 12:00:00 AM,23695
507,510.18,501.3,505.5,14/10/2014 12:00:00 AM,529188
507.5,507.5,490,494.68,16/10/2014 12:00:00 AM,42966
492,502.48,490.58,500.65,17/10/2014 12:00:00 AM,13997
500,516.53,500,501.98,20/10/2014 12:00:00 AM,39029
500.5,508.93,500.5,506.98,21/10/2014 12:00:00 AM,35109
512.5,533.5,511,532.15,22/10/2014 12:00:00 AM,131684
533,535,527.5,529.85,23/10/2014 12:00:00 AM,8265
530.5,546,530.5,544.15,27/10/2014 12:00:00 AM,47636
543.83,544.5,539.5,541.58,28/10/2014 12:00:00 AM,42717
542.5,542.5,535.5,539.78,29/10/2014 12:00:00 AM,25070
536.85,550,536.85,547.95,30/10/2014 12:00:00 AM,30686
545.63,560.73,545.63,559.55,31/10/2014 12:00:00 AM,37959
557.93,560,549.13,555.7,03/11/2014 12:00:00 AM,18846
555,569.38,554,566,05/11/2014 12:00:00 AM,26398
565.25,566,552.5,561.55,07/11/2014 12:00:00 AM,23675
561.55,565.45,551.83,554.28,10/11/2014 12:00:00 AM,25339
555.78,556.98,550.03,554.2,11/11/2014 12:00:00 AM,19606
557,565.35,552.03,563.2,12/11/2014 12:00:00 AM,27879
562.5,564.13,554.58,555.95,13/11/2014 12:00:00 AM,21993
554.2,556.95,543,544.68,14/11/2014 12:00:00 AM,219434
545.18,557.25,540.15,553.63,17/11/2014 12:00:00 AM,35945
552.2,556.5,540.98,542.58,18/11/2014 12:00:00 AM,32652
545,545,532.33,539.25,19/11/2014 12:00:00 AM,58707
549.45,581.85,543.13,578.53,20/11/2014 12:00:00 AM,237348
603,630.45,596.43,599.83,21/11/2014 12:00:00 AM,593748
605,609,588.2,599.8,24/11/2014 12:00:00 AM,118203
599,600.48,577.5,579.95,25/11/2014 12:00:00 AM,169772
577.6,585.93,573.68,580.35,26/11/2014 12:00:00 AM,260479
579.4,583.98,573.18,577.9,27/11/2014 12:00:00 AM,73666
586.15,604.1,586.15,601.13,28/11/2014 12:00:00 AM,114158
601.13,615.95,597.48,600.93,01/12/2014 12:00:00 AM,52710
601,611,598.23,607.28,02/12/2014 12:00:00 AM,69685
609,614.2,602.5,609.53,03/12/2014 12:00:00 AM,77909
620.98,620.98,602.55,611.68,04/12/2014 12:00:00 AM,71990
615,624.5,612.05,619.68,05/12/2014 12:00:00 AM,62475
617.5,626.98,615.18,622,08/12/2014 12:00:00 AM,37576
622,622,611.63,614.3,09/12/2014 12:00:00 AM,37939
617.68,622.48,615.85,617.93,10/12/2014 12:00:00 AM,47556
620,625.95,615.75,623.28,11/12/2014 12:00:00 AM,61655
628.25,628.25,622,623.48,12/12/2014 12:00:00 AM,76011
622.5,656,622.48,651.98,15/12/2014 12:00:00 AM,144802
649,652.5,637,642.85,16/12/2014 12:00:00 AM,105229
635.5,637.2,619.25,622.35,17/12/2014 12:00:00 AM,89806
632.5,634.2,620.1,626.43,18/12/2014 12:00:00 AM,41622
629.7,631.3,616.05,617.98,19/12/2014 12:00:00 AM,2654327
618.23,632.5,618.23,628.73,22/12/2014 12:00:00 AM,25080
630.5,635.5,619.23,623.05,23/12/2014 12:00:00 AM,43900
624.98,626.9,617.5,622.73,24/12/2014 12:00:00 AM,44640
623,628.95,616.85,626.68,26/12/2014 12:00:00 AM,37813
629,629.63,620.65,621.7,29/12/2014 12:00:00 AM,46010
621,625,616.5,622.78,30/12/2014 12:00:00 AM,31264
624.33,635.3,620.15,631.58,31/12/2014 12:00:00 AM,34200
626.65,632.5,626.4,630.05,01/01/2015 12:00:00 AM,33804
631.45,639.4,629.75,636.48,02/01/2015 12:00:00 AM,37171
639.38,639.38,630.6,632.43,05/01/2015 12:00:00 AM,34919
630.5,631,617.03,625.85,06/01/2015 12:00:00 AM,92625
620,651.5,620,635.35,07/01/2015 12:00:00 AM,144709
645.58,675.5,643.75,670.48,08/01/2015 12:00:00 AM,248026
672.5,684.9,670.5,680.5,09/01/2015 12:00:00 AM,155652
683,694.18,674.65,686.5,12/01/2015 12:00:00 AM,60043
686.5,704.75,684.28,696.95,13/01/2015 12:00:00 AM,90620
697.1,699.63,688.83,695.88,14/01/2015 12:00:00 AM,42055
712.63,720,696.03,700,15/01/2015 12:00:00 AM,122642
701,701,690.08,697.95,16/01/2015 12:00:00 AM,43227
699.53,699.53,691.5,694.5,19/01/2015 12:00:00 AM,34481
698.75,700.65,692,698.13,20/01/2015 12:00:00 AM,186143
704.95,709.75,692.98,694.58,21/01/2015 12:00:00 AM,92023
693.5,699.25,685.5,694.15,22/01/2015 12:00:00 AM,51880
700,700,691.08,692.43,23/01/2015 12:00:00 AM,54581
692.55,695.9,681,694.15,27/01/2015 12:00:00 AM,83003
693.5,695.13,673.28,675.75,28/01/2015 12:00:00 AM,49383
675.75,675.75,662.38,665.03,29/01/2015 12:00:00 AM,121454
665.25,674,658.1,660.43,30/01/2015 12:00:00 AM,55385
660.43,680,652.78,676.35,02/02/2015 12:00:00 AM,127197
681.35,682,649.95,653.8,03/02/2015 12:00:00 AM,75664
659,663.18,640.25,645.63,04/02/2015 12:00:00 AM,58883
645.25,655.1,638.35,643.98,05/02/2015 12:00:00 AM,84815
645,645,630.75,633,06/02/2015 12:00:00 AM,38724
630,641.5,619,633.08,09/02/2015 12:00:00 AM,81849
623.5,649.5,623.5,641.95,10/02/2015 12:00:00 AM,67709
645,652.05,640.98,650.25,11/02/2015 12:00:00 AM,40814
651,652.28,639.25,648.4,12/02/2015 12:00:00 AM,47804
646.18,660.8,641.38,654.53,13/02/2015 12:00:00 AM,1408677
657.5,659.6,642.5,645.75,16/02/2015 12:00:00 AM,44495
646.2,656.5,643,654.55,18/02/2015 12:00:00 AM,80451
649.93,658.75,642.5,652.48,19/02/2015 12:00:00 AM,40868
652,656.7,646,648.73,20/02/2015 12:00:00 AM,33123
663.1,672.5,653.05,656.58,23/02/2015 12:00:00 AM,61507
658.5,676.75,657.05,674.88,24/02/2015 12:00:00 AM,170700
677.5,682.73,668.5,669.68,25/02/2015 12:00:00 AM,116530
671,674.45,660,667.68,26/02/2015 12:00:00 AM,47253
670,671.45,661.28,668.15,27/02/2015 12:00:00 AM,49265
672.53,705,665,698.7,28/02/2015 12:00:00 AM,122566
707,712,699.08,702.63,02/03/2015 12:00:00 AM,111155
702.53,708.73,701.55,704.38,03/03/2015 12:00:00 AM,58025
712.5,728.3,700.5,704.6,04/03/2015 12:00:00 AM,328409
704,711,701.58,706.45,05/03/2015 12:00:00 AM,45972
701.03,701.03,678.08,681.25,09/03/2015 12:00:00 AM,40016
679.28,685.73,659.33,673.33,10/03/2015 12:00:00 AM,51361
676,692,670.25,688.53,11/03/2015 12:00:00 AM,55525
692,695.35,678.78,684.88,12/03/2015 12:00:00 AM,38574
699.95,699.95,668,670.8,13/03/2015 12:00:00 AM,62733
671.5,672.4,652.5,657.78,16/03/2015 12:00:00 AM,49506
660.55,671.48,656.75,668.55,17/03/2015 12:00:00 AM,52130
669,673.98,662,671.6,18/03/2015 12:00:00 AM,68957
675,679.25,657.6,661.8,19/03/2015 12:00:00 AM,49862
667.45,671.93,654.25,669.63,20/03/2015 12:00:00 AM,85431
670,674,663.28,668.23,23/03/2015 12:00:00 AM,46517
678.75,678.75,666,672.13,24/03/2015 12:00:00 AM,25697
668.8,671,658.5,663.5,25/03/2015 12:00:00 AM,15890
657.45,668.88,650,653.7,26/03/2015 12:00:00 AM,16136
655.05,655.05,638.6,650.88,27/03/2015 12:00:00 AM,44940
652.88,660.38,646.25,657.88,30/03/2015 12:00:00 AM,30255
659,661.83,650.58,656.58,31/03/2015 12:00:00 AM,29424
660,684.5,652.5,680.5,01/04/2015 12:00:00 AM,55802
687.5,702.5,676.3,699.65,06/04/2015 12:00:00 AM,83790
702.5,706.35,685,692.7,07/04/2015 12:00:00 AM,57180
693.18,697,685,686.7,08/04/2015 12:00:00 AM,19025
690.05,721.4,683.75,715.55,09/04/2015 12:00:00 AM,102228
718.5,720.45,703.65,709.73,10/04/2015 12:00:00 AM,35352
711.5,726.8,705.48,722.88,13/04/2015 12:00:00 AM,63114
725.5,736.88,715.63,722.4,15/04/2015 12:00:00 AM,63298
724.95,724.95,703.98,708.45,16/04/2015 12:00:00 AM,45540
707.5,710.4,687.3,692.38,17/04/2015 12:00:00 AM,27194
694.98,695,680.48,685.03,20/04/2015 12:00:00 AM,1565448
687.5,690.5,674.58,676.8,21/04/2015 12:00:00 AM,67440
677.88,688.88,652.5,680,22/04/2015 12:00:00 AM,133543
682.5,694.5,675,688.7,23/04/2015 12:00:00 AM,52209
690,691.15,668.5,684.23,24/04/2015 12:00:00 AM,44323
685,695,663.5,669.03,27/04/2015 12:00:00 AM,61508
671.05,680.48,657.58,669.68,28/04/2015 12:00:00 AM,69580
679.5,679.5,655.75,665.3,29/04/2015 12:00:00 AM,46105
663.98,670,650,666.95,30/04/2015 12:00:00 AM,110547
657.45,670,654.45,668.13,04/05/2015 12:00:00 AM,54514
671,714.18,671,711.83,05/05/2015 12:00:00 AM,412898
717,717.45,671,675.08,06/05/2015 12:00:00 AM,324764
674,674,646.78,652.7,07/05/2015 12:00:00 AM,196855
656,674.65,656,663.73,08/05/2015 12:00:00 AM,142723
669.98,675.4,662.75,669.48,11/05/2015 12:00:00 AM,74724
670.5,670.5,654.25,659.45,12/05/2015 12:00:00 AM,125343
662.5,676,655,669.85,13/05/2015 12:00:00 AM,230881
668.5,669.68,657.98,665.18,14/05/2015 12:00:00 AM,115807
667.5,674.88,664,672.2,15/05/2015 12:00:00 AM,124736
672.5,683.48,669.5,681.78,18/05/2015 12:00:00 AM,60108
684.5,697.25,682,687.88,19/05/2015 12:00:00 AM,110665
690,697.9,690,692.83,20/05/2015 12:00:00 AM,49769
691,701.3,685,699.28,21/05/2015 12:00:00 AM,47719
698.75,701.25,689.15,693.65,22/05/2015 12:00:00 AM,45711
687.5,696.75,680.35,686.13,25/05/2015 12:00:00 AM,59875
686,692.75,681.28,689.83,26/05/2015 12:00:00 AM,35058
684.5,691.95,684.5,689.33,27/05/2015 12:00:00 AM,36578
691,692.85,684,685.28,28/05/2015 12:00:00 AM,30295
682.5,702.73,680,700.13,29/05/2015 12:00:00 AM,80678
697.5,705.18,694.68,696.7,01/06/2015 12:00:00 AM,41211
697,697,677.5,679.65,02/06/2015 12:00:00 AM,133874
680.05,680.05,667.6,672.68,03/06/2015 12:00:00 AM,135834
679.4,684.43,671,682.43,04/06/2015 12:00:00 AM,81735
681,683.25,675.48,678.3,05/06/2015 12:00:00 AM,105988
680.5,680.73,672.28,676.8,08/06/2015 12:00:00 AM,58008
675,682,662.63,664.88,09/06/2015 12:00:00 AM,56828
668,673.25,662.53,667.5,10/06/2015 12:00:00 AM,51951
670,671.6,635.5,640.35,11/06/2015 12:00:00 AM,99548
634,655.5,632.23,653.15,12/06/2015 12:00:00 AM,77427
656,656,630.5,644.85,15/06/2015 12:00:00 AM,118479
637.5,648.5,631.88,645.45,16/06/2015 12:00:00 AM,55842
647.5,649.75,640.5,647.4,17/06/2015 12:00:00 AM,59445
648.5,656.98,645.2,653.38,18/06/2015 12:00:00 AM,71721
653.05,665.5,638.5,662.53,19/06/2015 12:00:00 AM,59791
664.08,686.25,664.08,678.83,22/06/2015 12:00:00 AM,54890
677.5,692.33,674,690.93,23/06/2015 12:00:00 AM,57746
688.5,697.4,683.5,691.3,24/06/2015 12:00:00 AM,47138
687.68,705,684.78,702.55,25/06/2015 12:00:00 AM,44605
695,695,686.95,691.6,26/06/2015 12:00:00 AM,56324
692.53,692.53,671,686.5,29/06/2015 12:00:00 AM,56132
693,701,686.53,693.88,30/06/2015 12:00:00 AM,98785
693.8,712.5,689,705.05,01/07/2015 12:00:00 AM,74540
709.98,719.4,702,718.08,02/07/2015 12:00:00 AM,76604
721.63,730.5,709.63,713.95,03/07/2015 12:00:00 AM,147749
725,731.5,717.5,721.63,06/07/2015 12:00:00 AM,536800
724,729.28,710.5,712.78,07/07/2015 12:00:00 AM,561434
705,712.35,692.15,707.35,08/07/2015 12:00:00 AM,235481
714,720.9,701.75,705.75,09/07/2015 12:00:00 AM,109508
704.5,712.95,697.25,709.7,10/07/2015 12:00:00 AM,806166
711,717.5,703.05,715.4,13/07/2015 12:00:00 AM,123291
716,716,704.3,710.55,14/07/2015 12:00:00 AM,87524
712.95,715,707.7,712.6,15/07/2015 12:00:00 AM,139028
719.8,743.65,712.5,741.3,16/07/2015 12:00:00 AM,176988
741.4,742.05,727.7,733.3,17/07/2015 12:00:00 AM,146716
735,739.5,725.05,736.95,20/07/2015 12:00:00 AM,76047
730,744.45,718,720.15,21/07/2015 12:00:00 AM,115098
720,733.5,714,728.3,22/07/2015 12:00:00 AM,138831
730.9,735.2,718.3,720.9,23/07/2015 12:00:00 AM,72497
721,730,718.4,723.9,24/07/2015 12:00:00 AM,68477
723.9,723.9,714,715.95,27/07/2015 12:00:00 AM,43890
728,731.85,717.95,729.15,28/07/2015 12:00:00 AM,49089
733.35,737,722,726,29/07/2015 12:00:00 AM,83991
732,734,713.9,716.15,30/07/2015 12:00:00 AM,171750
696.25,708.4,684.4,695.7,31/07/2015 12:00:00 AM,650938
696.1,705.5,687.3,690.1,03/08/2015 12:00:00 AM,244924
695,698.4,680.5,691.75,04/08/2015 12:00:00 AM,160341
693.65,695,684,692.45,05/08/2015 12:00:00 AM,162296
696,710,691.2,706.4,06/08/2015 12:00:00 AM,218334
706.4,712.3,701.1,704.65,07/08/2015 12:00:00 AM,298445
715.05,716.8,700.05,707.4,10/08/2015 12:00:00 AM,90972
709.25,710.9,700.25,703.4,11/08/2015 12:00:00 AM,68235
699.6,703.9,683.1,685.9,12/08/2015 12:00:00 AM,76934
690,695.25,683.45,691.65,13/08/2015 12:00:00 AM,64190
707,719.85,691.1,717.75,14/08/2015 12:00:00 AM,86208
719,724.95,705.6,719.35,17/08/2015 12:00:00 AM,87976
720,722,698.95,704.4,18/08/2015 12:00:00 AM,53786
714,718.8,698,711.15,19/08/2015 12:00:00 AM,71133
717,717,693,697.15,20/08/2015 12:00:00 AM,109965
690,697,680.25,689.55,21/08/2015 12:00:00 AM,114366
675,675,631.5,647.65,24/08/2015 12:00:00 AM,215079
652,665,621.8,640.2,25/08/2015 12:00:00 AM,149608
643.5,647.25,624.25,628.3,26/08/2015 12:00:00 AM,101727
664,664,631.2,650.65,27/08/2015 12:00:00 AM,82820
656.4,660.4,641,645.15,28/08/2015 12:00:00 AM,81008
650,657.95,638.25,650.95,31/08/2015 12:00:00 AM,49696
644,646.95,609.5,613.8,01/09/2015 12:00:00 AM,128188
616,619.1,602,606.6,02/09/2015 12:00:00 AM,152136
610,630.4,605.95,626.9,03/09/2015 12:00:00 AM,138976
622.4,622.4,594.5,606.4,04/09/2015 12:00:00 AM,170797
603,612.8,594.1,599.35,07/09/2015 12:00:00 AM,77957
602,624.75,601.1,620.2,08/09/2015 12:00:00 AM,95288
630,638.9,626.6,632.6,09/09/2015 12:00:00 AM,334329
603,640,603,633.1,10/09/2015 12:00:00 AM,143217
635,642,625.05,629.45,11/09/2015 12:00:00 AM,255507
631.5,648,630.85,644.9,14/09/2015 12:00:00 AM,56523
650,650,635.5,641.15,15/09/2015 12:00:00 AM,66302
642,646.5,635,640.4,16/09/2015 12:00:00 AM,49636
648.7,667.1,636.5,658.05,18/09/2015 12:00:00 AM,132571
657.55,668.9,653.1,664,21/09/2015 12:00:00 AM,57529
667.2,670,639,643.45,22/09/2015 12:00:00 AM,44821
635,661.5,633,659.1,23/09/2015 12:00:00 AM,62580
659,662.5,642.5,653.9,24/09/2015 12:00:00 AM,113286
658.9,658.9,639.5,642.05,28/09/2015 12:00:00 AM,63258
642,656.75,624.75,650.9,29/09/2015 12:00:00 AM,184409
652.4,657.85,642.75,648.85,30/09/2015 12:00:00 AM,47458
652,654.1,638.4,640.75,01/10/2015 12:00:00 AM,89362
648.05,659.6,637.5,651.2,05/10/2015 12:00:00 AM,489690
656.3,661.5,642,655.4,06/10/2015 12:00:00 AM,131958
653.5,665.15,651,660.1,07/10/2015 12:00:00 AM,68170
661.5,663.75,650,654,08/10/2015 12:00:00 AM,55128
656.75,660.55,654.5,657.45,09/10/2015 12:00:00 AM,48036
661.5,668.2,656.65,661.35,12/10/2015 12:00:00 AM,53660
659.05,664,651.5,655.4,13/10/2015 12:00:00 AM,38661
659.75,661.9,650,652,14/10/2015 12:00:00 AM,34087
658,663,651.55,653.45,15/10/2015 12:00:00 AM,46466
647.5,662.05,645.65,659.1,16/10/2015 12:00:00 AM,66319
660,662.4,652.75,656.95,19/10/2015 12:00:00 AM,44236
658.7,661,647.5,654.65,20/10/2015 12:00:00 AM,101099
654.5,659.4,650,654.85,21/10/2015 12:00:00 AM,47812
663,669,660.55,663.6,23/10/2015 12:00:00 AM,63312
667,668.5,655,662.2,26/10/2015 12:00:00 AM,53510
658.15,665.65,657.65,660.9,27/10/2015 12:00:00 AM,38354
662.15,677.5,662.15,671.1,28/10/2015 12:00:00 AM,92310
672,674.7,661.05,663.6,29/10/2015 12:00:00 AM,56888
665.75,693.3,662.5,688.6,30/10/2015 12:00:00 AM,457130
690,690,681,685.4,02/11/2015 12:00:00 AM,77383
688.5,690.95,676.4,682.3,03/11/2015 12:00:00 AM,64672
686,688,672.5,674.7,04/11/2015 12:00:00 AM,32498
670,670.2,649,651.45,05/11/2015 12:00:00 AM,66233
650,662,648.3,654.95,06/11/2015 12:00:00 AM,36502
646,663.2,634.05,660.75,09/11/2015 12:00:00 AM,81170
655,657.9,645,646.55,10/11/2015 12:00:00 AM,43858
662,662,653.35,655.5,11/11/2015 12:00:00 AM,76017
655,673.95,647,669.45,13/11/2015 12:00:00 AM,97717
669.1,689.95,669.1,679.5,16/11/2015 12:00:00 AM,267449
681.6,681.75,672.6,677.6,17/11/2015 12:00:00 AM,42473
673,683.5,671,672.95,18/11/2015 12:00:00 AM,93749
672,682.8,670.5,680.9,19/11/2015 12:00:00 AM,39326
680.6,692.4,679,681,20/11/2015 12:00:00 AM,80971
685,693.9,680.5,684.45,23/11/2015 12:00:00 AM,53249
682,686,676.8,678.8,24/11/2015 12:00:00 AM,31519
680.5,687.5,676.25,684.35,26/11/2015 12:00:00 AM,32908
685,701,684.45,696.9,27/11/2015 12:00:00 AM,70771
695.85,697.6,689.5,692.2,30/11/2015 12:00:00 AM,30628
693.05,695,686.1,687.05,01/12/2015 12:00:00 AM,42946
690,692,677.25,678.9,02/12/2015 12:00:00 AM,34807
677.05,683,669.05,672.7,03/12/2015 12:00:00 AM,75992
670,674.4,663,664.95,04/12/2015 12:00:00 AM,56805
661,672.5,661,671.1,07/12/2015 12:00:00 AM,39158
669,677.25,667.25,674.55,08/12/2015 12:00:00 AM,163133
674,676.4,666.2,670.45,09/12/2015 12:00:00 AM,39744
670,679.9,667.95,677.4,10/12/2015 12:00:00 AM,35627
677,681,663.85,667.75,11/12/2015 12:00:00 AM,44220
665.95,675.45,663.95,673.25,14/12/2015 12:00:00 AM,43039
673.85,688.7,667.95,683.45,15/12/2015 12:00:00 AM,106642
686.2,696.15,684.8,692.6,16/12/2015 12:00:00 AM,58896
695,704.95,689.55,702.35,17/12/2015 12:00:00 AM,84210
700,706,693.3,701.95,18/12/2015 12:00:00 AM,37801
700,707.05,699.5,705.3,21/12/2015 12:00:00 AM,37657
705,705,679.35,698.1,22/12/2015 12:00:00 AM,69682
699.8,704.95,698,702.45,23/12/2015 12:00:00 AM,114678
702,702.85,697.2,700.95,24/12/2015 12:00:00 AM,12828
701.6,713.9,701,705.9,28/12/2015 12:00:00 AM,122088
705,714.25,705,706.75,29/12/2015 12:00:00 AM,39198
705,709.8,704.65,708.6,30/12/2015 12:00:00 AM,18744
715.9,721.95,705,718.55,31/12/2015 12:00:00 AM,557311
715,727,711.5,724.5,01/01/2016 12:00:00 AM,44010
725,725,704.05,705.4,04/01/2016 12:00:00 AM,50244
707,712.8,705.35,708.9,05/01/2016 12:00:00 AM,3035226
702.8,711.7,698,703.35,06/01/2016 12:00:00 AM,75147
702.9,702.9,690.1,692.1,07/01/2016 12:00:00 AM,44710
695,703.5,690.1,694.8,08/01/2016 12:00:00 AM,27995
695,704.45,681,699.75,11/01/2016 12:00:00 AM,41906
699.4,700.7,685.25,692.2,12/01/2016 12:00:00 AM,30296
695,700.2,682.3,688.25,13/01/2016 12:00:00 AM,41961
684,690.25,673.3,686.05,14/01/2016 12:00:00 AM,56159
684,689,672.8,675.95,15/01/2016 12:00:00 AM,30351
679.55,686.4,664.2,667.15,18/01/2016 12:00:00 AM,200172
679,679,663.7,667.75,19/01/2016 12:00:00 AM,63462
664,664.85,653.45,662.75,20/01/2016 12:00:00 AM,61710
668,677.2,651,661.9,21/01/2016 12:00:00 AM,47887
666,687.85,665.05,682.95,22/01/2016 12:00:00 AM,71289
684,684.75,675,678.8,25/01/2016 12:00:00 AM,35557
678.8,680.5,667.75,674.15,27/01/2016 12:00:00 AM,33202
673.5,680.1,662.95,665.5,28/01/2016 12:00:00 AM,34323
666,686,666,682.4,29/01/2016 12:00:00 AM,45709
685,690.8,682.6,688.5,01/02/2016 12:00:00 AM,54967
688.4,691.05,671,677,02/02/2016 12:00:00 AM,37858
672,674.4,662,666.4,03/02/2016 12:00:00 AM,57860
671,680,668.4,675.75,04/02/2016 12:00:00 AM,34867
677,697.15,675.05,692.3,05/02/2016 12:00:00 AM,59521
693,693,670.5,673.15,08/02/2016 12:00:00 AM,21455
680,680,663,677.25,09/02/2016 12:00:00 AM,46374
687.95,687.95,662,667.15,10/02/2016 12:00:00 AM,31182
662,665.55,625.45,628.9,11/02/2016 12:00:00 AM,108590
634,635.4,613.55,622.7,12/02/2016 12:00:00 AM,129156
627.55,636.1,620.5,623.9,15/02/2016 12:00:00 AM,67777
625,628.7,615.5,618.25,16/02/2016 12:00:00 AM,50163
620,627,610.6,625.75,17/02/2016 12:00:00 AM,34315
627.55,638,625,635.25,18/02/2016 12:00:00 AM,48652
634.5,639.5,625.5,631.05,19/02/2016 12:00:00 AM,57157
635.9,641.75,633.75,640.15,22/02/2016 12:00:00 AM,34096
641,641,619.75,621.45,23/02/2016 12:00:00 AM,66648
625.75,625.75,617,618.85,24/02/2016 12:00:00 AM,27257
618.05,621.2,605.15,607.9,25/02/2016 12:00:00 AM,22711
612,621.6,607.7,615.75,26/02/2016 12:00:00 AM,40021
614.3,640.5,586.5,630.25,29/02/2016 12:00:00 AM,189642
620,640.5,620,637.75,01/03/2016 12:00:00 AM,154310
650,659.5,642.1,654.45,02/03/2016 12:00:00 AM,100715
658,661,650.75,657.05,03/03/2016 12:00:00 AM,37688
658,671,645.5,667.35,04/03/2016 12:00:00 AM,58627
667.35,667.35,649,650.9,08/03/2016 12:00:00 AM,45267
660,663.75,648.05,659.7,09/03/2016 12:00:00 AM,47299
670,670,651.5,654.45,10/03/2016 12:00:00 AM,115288
655,658.45,641,642.75,11/03/2016 12:00:00 AM,195217
647.6,650.1,633.7,637.95,14/03/2016 12:00:00 AM,1083798
635.2,642.65,631.5,639.7,15/03/2016 12:00:00 AM,125671
640,653.25,635.5,651.55,16/03/2016 12:00:00 AM,3188140
654,656.7,642.85,652,17/03/2016 12:00:00 AM,312977
648.4,660.3,647.85,657.75,18/03/2016 12:00:00 AM,4096002
661.05,665,652.9,664.3,21/03/2016 12:00:00 AM,2561547
662.05,669,655.5,664.05,22/03/2016 12:00:00 AM,135717
664.05,675.6,655.2,659.85,23/03/2016 12:00:00 AM,117781
660,677.5,660,669.1,28/03/2016 12:00:00 AM,3724973
675,681.75,669,671.25,29/03/2016 12:00:00 AM,3619733
680,686,665.45,683.6,30/03/2016 12:00:00 AM,141841
680,694.9,679.5,681,31/03/2016 12:00:00 AM,3580417
680,686.95,677.2,679.4,01/04/2016 12:00:00 AM,132655
680,688.35,674.4,686.45,04/04/2016 12:00:00 AM,62099
682,685,665,669.45,05/04/2016 12:00:00 AM,591635
671,674,663.2,666.95,06/04/2016 12:00:00 AM,282150
666,668.45,656.35,663.15,07/04/2016 12:00:00 AM,65370
662.9,670.2,662.4,665,08/04/2016 12:00:00 AM,30741
670,675.15,661,671.75,11/04/2016 12:00:00 AM,105756
671.75,679.9,671.15,677.3,12/04/2016 12:00:00 AM,50230
685,699,683.25,692.5,13/04/2016 12:00:00 AM,100923
692.9,693.55,663.2,683,18/04/2016 12:00:00 AM,67207
685,691.7,680.55,685.95,20/04/2016 12:00:00 AM,46294
688,689.95,683.95,685.9,21/04/2016 12:00:00 AM,45873
684.95,684.95,673.3,676.05,22/04/2016 12:00:00 AM,58329
676.5,683,673.6,679.7,25/04/2016 12:00:00 AM,30032
682.45,705,679.35,701.1,26/04/2016 12:00:00 AM,112168
705,719.05,702,711.65,27/04/2016 12:00:00 AM,658132
712.6,718.05,699.6,702.15,28/04/2016 12:00:00 AM,31235
702.15,717.8,690,715.6,29/04/2016 12:00:00 AM,51565
714.5,729.4,712.45,718.4,02/05/2016 12:00:00 AM,102023
717,722.75,700.75,708.4,03/05/2016 12:00:00 AM,70745
707,719.9,707,711.85,04/05/2016 12:00:00 AM,63455
717,717,705,709.15,05/05/2016 12:00:00 AM,31336
702.6,708.25,697,703.65,06/05/2016 12:00:00 AM,40242
705,715.55,703,713.5,09/05/2016 12:00:00 AM,61345
715,725,710.85,721.5,10/05/2016 12:00:00 AM,94061
722,736.6,715.7,731.15,11/05/2016 12:00:00 AM,237532
742,744,721.5,726.6,12/05/2016 12:00:00 AM,142960
727,727.7,707.15,708.9,13/05/2016 12:00:00 AM,93549
708.9,720,703.25,718,16/05/2016 12:00:00 AM,88626
720,724.45,707.6,709.5,17/05/2016 12:00:00 AM,184592
715,715,701,709.35,18/05/2016 12:00:00 AM,64054
709,710.7,702,705.9,19/05/2016 12:00:00 AM,79985
706,710.55,700.5,701.8,20/05/2016 12:00:00 AM,36135
705,710.4,700,704.2,23/05/2016 12:00:00 AM,55322
701,705,692.4,699.85,24/05/2016 12:00:00 AM,65030
704.25,715.8,700.4,714.25,25/05/2016 12:00:00 AM,1009447
715,738.35,714.85,727.85,26/05/2016 12:00:00 AM,184390
733,744.4,732.9,742.25,27/05/2016 12:00:00 AM,71834
745.25,754.9,739.3,743.05,30/05/2016 12:00:00 AM,62162
741.1,749.85,739.95,746.7,31/05/2016 12:00:00 AM,58315
750,750,740.3,745.3,01/06/2016 12:00:00 AM,58728
743.5,750.7,736.35,745.75,02/06/2016 12:00:00 AM,51602
751,772.25,745.35,769.35,03/06/2016 12:00:00 AM,212041
772,775.25,762.75,765.2,06/06/2016 12:00:00 AM,54898
771,778,761.65,770.4,07/06/2016 12:00:00 AM,90478
770,770,755.4,759.1,08/06/2016 12:00:00 AM,129286
760.05,760.55,750.75,753.5,09/06/2016 12:00:00 AM,66018
754.05,757.7,743.7,750.15,10/06/2016 12:00:00 AM,197401
749.8,757.55,745,756.3,13/06/2016 12:00:00 AM,41097
757.2,757.2,747.25,747.55,14/06/2016 12:00:00 AM,376957
755.2,766,753.05,763.35,15/06/2016 12:00:00 AM,102842
765.1,765.1,746,751.95,16/06/2016 12:00:00 AM,144995
754.25,760.5,746.75,749.95,17/06/2016 12:00:00 AM,166339
743.9,755.9,740,750.55,20/06/2016 12:00:00 AM,1578586
748,752.9,743.4,746.05,21/06/2016 12:00:00 AM,42662
744.1,750.75,734.1,739.45,22/06/2016 12:00:00 AM,46606
741.5,749.4,738.15,746.3,23/06/2016 12:00:00 AM,47547
734,735.75,710.75,732,24/06/2016 12:00:00 AM,171500
730,743.8,728.75,738.7,27/06/2016 12:00:00 AM,97950
740.7,747.4,738,743.4,28/06/2016 12:00:00 AM,30164
744,754.25,743.15,752.3,29/06/2016 12:00:00 AM,112556
755,765.95,754.5,763.1,30/06/2016 12:00:00 AM,129313
764,766.2,751,754.25,01/07/2016 12:00:00 AM,70966
755,756.1,742.95,744.65,04/07/2016 12:00:00 AM,81046
744.8,747.5,738.85,740.3,05/07/2016 12:00:00 AM,65521
741.2,750.15,739,744.35,07/07/2016 12:00:00 AM,53247
740,747.5,738.15,743.95,08/07/2016 12:00:00 AM,86850
749.9,763,749.9,760.95,11/07/2016 12:00:00 AM,107743
766,770,758.4,763.6,12/07/2016 12:00:00 AM,94237
764,775,760.35,774,13/07/2016 12:00:00 AM,103150
775.5,784.7,772,780.45,14/07/2016 12:00:00 AM,101102
780.25,781.15,767.65,772.3,15/07/2016 12:00:00 AM,59409
776.15,782.45,769.6,776.45,18/07/2016 12:00:00 AM,74292
780.95,781.25,770,777.5,19/07/2016 12:00:00 AM,41028
781,784.5,778.55,782,20/07/2016 12:00:00 AM,62251
787,790,759,760.8,21/07/2016 12:00:00 AM,295714
765,765,753.2,760.1,22/07/2016 12:00:00 AM,49762
759,773,750,764.95,25/07/2016 12:00:00 AM,87758
770,770,744.75,749.55,26/07/2016 12:00:00 AM,106243
752.35,759.65,746,753.85,27/07/2016 12:00:00 AM,51824
756,758.85,745.6,749.1,28/07/2016 12:00:00 AM,63299
751.05,764.8,749.3,761.85,29/07/2016 12:00:00 AM,57886
761.85,768.8,749,754.05,01/08/2016 12:00:00 AM,154784
755,762.75,748.45,757.15,02/08/2016 12:00:00 AM,1086948
759.15,764,754,755.85,03/08/2016 12:00:00 AM,214691
753.5,764.5,751,756.4,04/08/2016 12:00:00 AM,747980
761,774.8,756.4,772.55,05/08/2016 12:00:00 AM,1446921
775.3,781.3,766.85,770.1,08/08/2016 12:00:00 AM,65903
773.1,773.1,760.6,764.8,09/08/2016 12:00:00 AM,66353
767,768.2,759,760.7,10/08/2016 12:00:00 AM,45815
761.55,768.95,759.85,764.05,11/08/2016 12:00:00 AM,919965
770.8,772,751.25,762.2,12/08/2016 12:00:00 AM,54753
762,776,762,772,16/08/2016 12:00:00 AM,51065
768.2,769,760.85,764.05,17/08/2016 12:00:00 AM,242669
764.05,784.8,764.05,782.2,18/08/2016 12:00:00 AM,319966
784,786.4,773.55,776.25,19/08/2016 12:00:00 AM,49719
777,781,769,771.8,22/08/2016 12:00:00 AM,102259
772.05,781.2,770.85,777.35,23/08/2016 12:00:00 AM,57007
781,781.7,772.1,776.85,24/08/2016 12:00:00 AM,46324
778.65,783.3,772.8,780.8,25/08/2016 12:00:00 AM,35242
780,788.75,772.95,781.45,26/08/2016 12:00:00 AM,50856
777.25,788,777.25,780.55,29/08/2016 12:00:00 AM,29716
780,787.5,780,785.55,30/08/2016 12:00:00 AM,41531
797.15,815,791,806.7,31/08/2016 12:00:00 AM,195982
811,817.5,807.3,811,01/09/2016 12:00:00 AM,99481
810,815,808.5,812.9,02/09/2016 12:00:00 AM,61620
813,821.2,813,817.95,06/09/2016 12:00:00 AM,53885
816,823.2,802.55,803.75,07/09/2016 12:00:00 AM,56150
803.6,822.4,801,819.35,08/09/2016 12:00:00 AM,110728
820,825.6,808.3,818.65,09/09/2016 12:00:00 AM,96599
810,815,800,813.15,12/09/2016 12:00:00 AM,250003
813.9,819.5,803.25,806.05,14/09/2016 12:00:00 AM,131436
809.3,811.25,803.25,807.25,15/09/2016 12:00:00 AM,67859
809,819.8,805.65,807.95,16/09/2016 12:00:00 AM,37064
805,810.15,799.3,802.15,19/09/2016 12:00:00 AM,41994
803,803,791.65,793.5,20/09/2016 12:00:00 AM,49734
791.65,794.3,786.8,788.35,21/09/2016 12:00:00 AM,27381
798.2,801,792,795,22/09/2016 12:00:00 AM,53298
795.1,803.05,792,795.05,23/09/2016 12:00:00 AM,425877
795.05,795.35,783,787.85,26/09/2016 12:00:00 AM,25393
790.5,798.95,782.75,783.85,27/09/2016 12:00:00 AM,64634
783.65,789.4,779.05,782.8,28/09/2016 12:00:00 AM,37755
785.25,799.9,768.55,772.45,29/09/2016 12:00:00 AM,398105
772.45,783.4,765,778.75,30/09/2016 12:00:00 AM,71186
788.85,793.2,784,787.6,03/10/2016 12:00:00 AM,116804
776.2,796.2,776.2,791.65,04/10/2016 12:00:00 AM,70791
794.5,794.5,780.1,781.7,05/10/2016 12:00:00 AM,31498
783.55,790.5,778,782.35,06/10/2016 12:00:00 AM,56858
782.35,784.95,776.45,780.1,07/10/2016 12:00:00 AM,176767
782,785,778.95,780.2,10/10/2016 12:00:00 AM,16893
783.8,783.8,766.75,771.15,13/10/2016 12:00:00 AM,266755
775.2,783,750,781.3,14/10/2016 12:00:00 AM,52227
779.65,779.65,765,767.85,17/10/2016 12:00:00 AM,33263
770,782,770,777.2,18/10/2016 12:00:00 AM,69083
778.15,784.95,772,774.05,19/10/2016 12:00:00 AM,58546
778.05,783,769.2,771.55,20/10/2016 12:00:00 AM,50097
771.8,782.7,769.5,780.95,21/10/2016 12:00:00 AM,40703
783,788.95,778.4,787.45,24/10/2016 12:00:00 AM,37501
790,793.65,781,784.9,25/10/2016 12:00:00 AM,98134
785,821.1,780.25,810.9,26/10/2016 12:00:00 AM,184538
810,812,801,806.75,27/10/2016 12:00:00 AM,58840
801,819.4,801,816.35,28/10/2016 12:00:00 AM,99515
822.3,830,817,820.45,30/10/2016 12:00:00 AM,26825
820,820,804,805.9,01/11/2016 12:00:00 AM,46381
801,806,797.5,803.5,02/11/2016 12:00:00 AM,30531
801.3,810.9,798.45,805.5,03/11/2016 12:00:00 AM,52343
806,811.6,789.8,799.45,04/11/2016 12:00:00 AM,65428
805.75,807.45,800,801.55,07/11/2016 12:00:00 AM,61085
800,815,795.35,810.95,08/11/2016 12:00:00 AM,49884
800,830,762.1,823.85,09/11/2016 12:00:00 AM,355804
828,833.4,813.35,820,10/11/2016 12:00:00 AM,160414
812.5,825.55,808,814.45,11/11/2016 12:00:00 AM,357679
836,836,784.4,788.35,15/11/2016 12:00:00 AM,107456
798,798,766.55,768.95,16/11/2016 12:00:00 AM,312312
771,780.3,769.75,775.65,17/11/2016 12:00:00 AM,148512
779.1,783.4,773.9,779.3,18/11/2016 12:00:00 AM,256378
778.25,779.8,753.9,762.5,21/11/2016 12:00:00 AM,50335
765,772,761.55,769.05,22/11/2016 12:00:00 AM,560986
773,773,761.2,764.15,23/11/2016 12:00:00 AM,35941
761.05,761.05,740,743.35,24/11/2016 12:00:00 AM,267221
763,763,743.55,749.75,25/11/2016 12:00:00 AM,68553
748.8,753.5,737.45,750.05,28/11/2016 12:00:00 AM,467659
750,762.75,741,743.85,29/11/2016 12:00:00 AM,38800
762,762,740.3,756.2,30/11/2016 12:00:00 AM,73063
758,758,742,744.4,01/12/2016 12:00:00 AM,41533
742,742,720,723.35,02/12/2016 12:00:00 AM,521812
725,732.9,723.25,727.95,05/12/2016 12:00:00 AM,81089
732.7,737.5,730.75,734.5,06/12/2016 12:00:00 AM,55565
734,739.35,726.4,732.7,07/12/2016 12:00:00 AM,142645
736.5,751.4,736.45,748.9,08/12/2016 12:00:00 AM,57839
740,752.5,740,745.15,09/12/2016 12:00:00 AM,32193
741.1,745.3,728.8,729.95,12/12/2016 12:00:00 AM,25028
727.2,735.75,724.1,730.45,13/12/2016 12:00:00 AM,81179
731,731,723.75,726.25,14/12/2016 12:00:00 AM,22695
722,734.2,716.7,723.9,15/12/2016 12:00:00 AM,35544
726,726.8,717.2,720.5,16/12/2016 12:00:00 AM,280600
721.75,721.75,716,719.55,19/12/2016 12:00:00 AM,331562
719.55,722,717,717.95,20/12/2016 12:00:00 AM,447019
716.9,725,716.9,719.75,21/12/2016 12:00:00 AM,38943
716.5,716.65,711.5,712.75,22/12/2016 12:00:00 AM,20954
705,715.05,703.95,713.3,23/12/2016 12:00:00 AM,29146
709.65,713,704,709.7,26/12/2016 12:00:00 AM,24929
702,714.4,702,711.75,27/12/2016 12:00:00 AM,341992
715,718.75,709.95,712.4,28/12/2016 12:00:00 AM,52455
713,714.95,709.35,713.15,29/12/2016 12:00:00 AM,47729
734,734,714.75,719.05,30/12/2016 12:00:00 AM,29504
719.05,720.05,708.15,714.05,02/01/2017 12:00:00 AM,320397
714,717.8,707.2,710.9,03/01/2017 12:00:00 AM,51774
710.9,710.9,692.4,694.9,04/01/2017 12:00:00 AM,97698
702,702.25,696.1,698.65,05/01/2017 12:00:00 AM,55120
696.65,717.3,696.6,715.5,06/01/2017 12:00:00 AM,234326
718.5,724,706.25,710.05,09/01/2017 12:00:00 AM,71788
710.05,715.15,710,711.75,10/01/2017 12:00:00 AM,48214
711.7,734.3,709.6,726.4,11/01/2017 12:00:00 AM,163716
731.05,732,723.1,724.9,12/01/2017 12:00:00 AM,88011
728.5,735,725,727.5,13/01/2017 12:00:00 AM,49366
728,736,723.1,731.4,16/01/2017 12:00:00 AM,47119
732.05,735.25,723.55,726.15,17/01/2017 12:00:00 AM,50293
732,740.95,726.05,732.2,18/01/2017 12:00:00 AM,58334
730,736.6,727.45,728.8,19/01/2017 12:00:00 AM,24886
728.75,732.7,718.5,722.9,20/01/2017 12:00:00 AM,39917
727,739.3,725,730.85,23/01/2017 12:00:00 AM,294455
733.2,745.45,733.2,742.85,24/01/2017 12:00:00 AM,4499327
745,800.25,745,794.65,25/01/2017 12:00:00 AM,503043
795.45,802.5,780.75,785.35,27/01/2017 12:00:00 AM,191940
785.35,789.85,760,773.35,30/01/2017 12:00:00 AM,108875
777,780,763.8,772.55,31/01/2017 12:00:00 AM,266572
780.4,782,739.15,775.6,01/02/2017 12:00:00 AM,319483
798,798,765.75,770.55,02/02/2017 12:00:00 AM,640436
772,776.55,761.7,766.35,03/02/2017 12:00:00 AM,90523
777,777,766,767.35,06/02/2017 12:00:00 AM,69974
772,785,766,774,07/02/2017 12:00:00 AM,337407
775.1,776.55,762,767.65,08/02/2017 12:00:00 AM,189659
775,779.45,765.65,770.3,09/02/2017 12:00:00 AM,77325
777,785.7,772.7,778.25,10/02/2017 12:00:00 AM,87801
781.25,795,780.1,791.35,13/02/2017 12:00:00 AM,139524
794.9,795.25,786,790.4,14/02/2017 12:00:00 AM,295780
790,795.7,782,784.45,15/02/2017 12:00:00 AM,85897
784.2,798.3,780.3,792.2,16/02/2017 12:00:00 AM,319957
802.55,810.4,790.55,796.2,17/02/2017 12:00:00 AM,155651
800,804,795,797.35,20/02/2017 12:00:00 AM,56308
798,800.7,792.05,797,21/02/2017 12:00:00 AM,35430
799.25,804.25,794,795.6,22/02/2017 12:00:00 AM,45949
790,812,790,808.85,23/02/2017 12:00:00 AM,88154
803,812.7,795.25,800.2,27/02/2017 12:00:00 AM,140731
800,808.05,799,801,28/02/2017 12:00:00 AM,33438
804.6,827.65,802.8,825.1,01/03/2017 12:00:00 AM,235035
828,828.25,812.55,815.65,02/03/2017 12:00:00 AM,90884
818,818,803.2,809,03/03/2017 12:00:00 AM,20393
812,822.75,810,818.35,06/03/2017 12:00:00 AM,564970
818,821,814.35,817.3,07/03/2017 12:00:00 AM,48490
821.25,839.75,817,824.5,08/03/2017 12:00:00 AM,27869384
822,828,820.55,824.9,09/03/2017 12:00:00 AM,468127
833.05,838.95,825.35,827.9,10/03/2017 12:00:00 AM,639704
837,851.2,832.05,835.35,14/03/2017 12:00:00 AM,300198
837,847.5,835.7,842.55,15/03/2017 12:00:00 AM,60966
852.9,856.45,849.15,851.85,16/03/2017 12:00:00 AM,169040
852,852,842.8,848.05,17/03/2017 12:00:00 AM,34409
852,861.8,848.2,854.2,20/03/2017 12:00:00 AM,123330
854,861.3,850.85,859.65,21/03/2017 12:00:00 AM,46439
856,865,849.6,863.3,22/03/2017 12:00:00 AM,70514
863,873.1,863,870.2,23/03/2017 12:00:00 AM,996576
867.1,885,864,878.5,24/03/2017 12:00:00 AM,217367
878.5,878.5,859.15,870.75,27/03/2017 12:00:00 AM,61750
879,880,857.75,859.85,28/03/2017 12:00:00 AM,1735937
865,865.5,853,858.95,29/03/2017 12:00:00 AM,200704
867.5,872,860,865,30/03/2017 12:00:00 AM,137796
866,879.7,863.1,872.1,31/03/2017 12:00:00 AM,346179
880,880,872,875,03/04/2017 12:00:00 AM,36842
878.5,895.6,878.1,887.85,05/04/2017 12:00:00 AM,99427
892,896,883.95,893.95,06/04/2017 12:00:00 AM,60217
894,894,871.55,874.45,07/04/2017 12:00:00 AM,61271
880,888,868.1,875.9,10/04/2017 12:00:00 AM,44990
875,887.05,871.4,880.75,11/04/2017 12:00:00 AM,232064
882,882.9,873.35,879.45,12/04/2017 12:00:00 AM,19912
875,884,873.95,878.9,13/04/2017 12:00:00 AM,20703
882,890,875,887.8,17/04/2017 12:00:00 AM,266866
888,892.5,877.2,880.8,18/04/2017 12:00:00 AM,33558
882,882,867.8,874.7,19/04/2017 12:00:00 AM,38856
881,890.25,877.25,888.1,20/04/2017 12:00:00 AM,235201
890.9,896,876.25,878.3,21/04/2017 12:00:00 AM,80340
879.9,896.3,877.25,893,24/04/2017 12:00:00 AM,70901
900,903.85,884.9,898.2,25/04/2017 12:00:00 AM,498501
902,919.75,896,900.35,26/04/2017 12:00:00 AM,122872
905,918,890.8,914.55,27/04/2017 12:00:00 AM,321112
922,922,900.05,901.6,28/04/2017 12:00:00 AM,86915
905,920.75,901.6,917.8,02/05/2017 12:00:00 AM,89072
917.9,920.9,912,914.15,03/05/2017 12:00:00 AM,50968
917.15,917.15,901,904.35,04/05/2017 12:00:00 AM,66658
904.45,912.4,901,907,05/05/2017 12:00:00 AM,59173
904,910.4,901.2,905.3,08/05/2017 12:00:00 AM,337622
908.9,911.35,903.8,907.15,09/05/2017 12:00:00 AM,132236
915,929,912,926.45,10/05/2017 12:00:00 AM,90302
936,940,930.3,936.85,11/05/2017 12:00:00 AM,140716
941.9,962,937.75,953.3,12/05/2017 12:00:00 AM,152928
957,980.2,955.95,973.3,15/05/2017 12:00:00 AM,253160
973,975,955,961.9,16/05/2017 12:00:00 AM,1521775
959.85,961.9,945.75,951.2,17/05/2017 12:00:00 AM,46671
951,952,936.1,942.95,18/05/2017 12:00:00 AM,46976
947.45,947.45,935,937.4,19/05/2017 12:00:00 AM,132199
950,953.35,937.35,941.3,22/05/2017 12:00:00 AM,18122560
942,945.2,936.1,939.7,23/05/2017 12:00:00 AM,74013
941.4,943.65,933.45,935.7,24/05/2017 12:00:00 AM,61004
939.8,962.4,937.35,957.15,25/05/2017 12:00:00 AM,108622
960,968,952.7,964.1,26/05/2017 12:00:00 AM,54732
970,970,957,967.65,29/05/2017 12:00:00 AM,41775
967,967,956,961.8,30/05/2017 12:00:00 AM,38706
960,970.6,960,964.5,31/05/2017 12:00:00 AM,75972
963.55,968,958.9,963.2,01/06/2017 12:00:00 AM,339655
958,971.85,958,962.9,02/06/2017 12:00:00 AM,20275
967.85,970,960.3,967.15,05/06/2017 12:00:00 AM,26681
969.2,970,960.2,966.85,06/06/2017 12:00:00 AM,47186
968,970.05,965.2,967.8,07/06/2017 12:00:00 AM,44256
968,983.5,966.95,978.85,08/06/2017 12:00:00 AM,66424
980.05,988.3,976,985.15,09/06/2017 12:00:00 AM,34703
985.15,990.6,973,976.3,12/06/2017 12:00:00 AM,28744
975.75,979.85,971.5,974.2,13/06/2017 12:00:00 AM,20508
970.7,971,964.1,967.95,14/06/2017 12:00:00 AM,20560
968.05,969.9,961.1,964.6,15/06/2017 12:00:00 AM,18112
967.1,989.85,963,985.55,16/06/2017 12:00:00 AM,440642
987.25,993,985.4,990.1,19/06/2017 12:00:00 AM,135737
986,990,981.15,982.65,20/06/2017 12:00:00 AM,59121
982,995.6,979.1,991.9,21/06/2017 12:00:00 AM,77657
991.95,1004.75,991.1,997.65,22/06/2017 12:00:00 AM,801014
1000,1003.35,982.75,985.45,23/06/2017 12:00:00 AM,46211
985.3,993.45,966.5,974.3,27/06/2017 12:00:00 AM,216004
975.8,980,968.05,973.95,28/06/2017 12:00:00 AM,22465
975,976.4,945.05,948.3,29/06/2017 12:00:00 AM,94100
947,962,936.85,955.45,30/06/2017 12:00:00 AM,47389
955.55,955.55,940.25,948.55,03/07/2017 12:00:00 AM,138144
951.8,961.55,943.6,959,04/07/2017 12:00:00 AM,37609
958,964,954,957.6,05/07/2017 12:00:00 AM,43821
958.55,962.35,952.05,958.3,06/07/2017 12:00:00 AM,38938
955.05,968.45,954.45,963.95,07/07/2017 12:00:00 AM,52526
970,977.45,959.2,967.25,10/07/2017 12:00:00 AM,329997
974,974,953.4,958.7,11/07/2017 12:00:00 AM,51223
959.4,963.4,951.3,956.9,12/07/2017 12:00:00 AM,45589
960,967.5,957,961.5,13/07/2017 12:00:00 AM,50442
966.9,983.4,963.95,977,14/07/2017 12:00:00 AM,398006
980,989.5,975.15,977.75,17/07/2017 12:00:00 AM,84494
985,987.6,972,977.5,18/07/2017 12:00:00 AM,51820
980.45,997,980.45,994.75,19/07/2017 12:00:00 AM,84329
1000,1019.4,976.2,980.4,20/07/2017 12:00:00 AM,544394
985,1000,971.35,998.65,21/07/2017 12:00:00 AM,111306
1001,1007.95,988,991.6,24/07/2017 12:00:00 AM,1066412
999,999,984.55,987.4,25/07/2017 12:00:00 AM,45675
988,992.8,983,986.65,26/07/2017 12:00:00 AM,30677
991,1003.75,982.85,998.6,27/07/2017 12:00:00 AM,62118
998,1017,995.8,1004,28/07/2017 12:00:00 AM,712233
1017,1030.85,1013.25,1019.75,31/07/2017 12:00:00 AM,116108
1023.85,1024,1012,1015.6,01/08/2017 12:00:00 AM,77589
1015.8,1023,1001.5,1010.15,02/08/2017 12:00:00 AM,96555
1011,1011,994,996.85,03/08/2017 12:00:00 AM,343490
986.4,999.1,986.4,998.15,04/08/2017 12:00:00 AM,50357
1001,1002,994.55,998.1,07/08/2017 12:00:00 AM,29912
995.75,996.65,980,987.9,08/08/2017 12:00:00 AM,51189
981,1000,980,992.75,09/08/2017 12:00:00 AM,52315
990.3,999.75,983.5,993.75,10/08/2017 12:00:00 AM,426695
991.45,997,973.8,991.1,11/08/2017 12:00:00 AM,105936
990,999,980,982.45,14/08/2017 12:00:00 AM,54434
985,1005,968.3,1001.55,16/08/2017 12:00:00 AM,1128944
1000.1,1000.1,983.2,989.8,17/08/2017 12:00:00 AM,79960
980,986,976.25,983.55,18/08/2017 12:00:00 AM,34620
985,990.35,967,969.3,21/08/2017 12:00:00 AM,110503
969.3,978.4,966.75,969.9,22/08/2017 12:00:00 AM,1037165
974,983.65,964.5,980.35,23/08/2017 12:00:00 AM,72783
979.4,979.4,966.6,973.65,24/08/2017 12:00:00 AM,39775
980,984,972.55,975.35,28/08/2017 12:00:00 AM,50284
971.7,973.1,962.3,964.9,29/08/2017 12:00:00 AM,40932
983,983,965.05,971.75,30/08/2017 12:00:00 AM,23845
972.05,980,963.8,975.95,31/08/2017 12:00:00 AM,887632
977,998.5,972.15,993.55,01/09/2017 12:00:00 AM,63573
993.55,998,973.2,978.85,04/09/2017 12:00:00 AM,53922
980,991.25,976.5,987,05/09/2017 12:00:00 AM,90673
984.1,1006,981.4,996.2,06/09/2017 12:00:00 AM,114272
995.05,1003.95,988.7,995.5,07/09/2017 12:00:00 AM,87895
996.7,1010.7,993,1007.6,08/09/2017 12:00:00 AM,158829
998,1014.95,998,1006.15,11/09/2017 12:00:00 AM,52124
1010,1024.4,1007.8,1021.9,12/09/2017 12:00:00 AM,167531
1022.5,1025.75,1014.8,1019.6,13/09/2017 12:00:00 AM,32879
1024,1026.4,1003.1,1007.7,14/09/2017 12:00:00 AM,30491
1007.8,1011.95,997.55,1009,15/09/2017 12:00:00 AM,87600
1010,1025.4,1010,1018.85,18/09/2017 12:00:00 AM,26731
1025,1045,1017.6,1034.45,19/09/2017 12:00:00 AM,108261
1036,1036.05,1022.75,1025.45,20/09/2017 12:00:00 AM,34442
1024,1039,1023.9,1030.55,21/09/2017 12:00:00 AM,53530
1001,1031,1001,1022.65,22/09/2017 12:00:00 AM,62497
1021,1021,994.5,999.7,25/09/2017 12:00:00 AM,145237
999.5,1007.4,990.5,994.45,26/09/2017 12:00:00 AM,30827
994,1004.95,976.95,980.15,27/09/2017 12:00:00 AM,66180
983,1014,968.25,1004,28/09/2017 12:00:00 AM,126013
1015,1015,998.1,1001.9,29/09/2017 12:00:00 AM,35209
1001.9,1012,995.6,1006.3,03/10/2017 12:00:00 AM,334938
1009,1035.5,1008.7,1028,04/10/2017 12:00:00 AM,59152
1029,1038,1020.3,1031.15,05/10/2017 12:00:00 AM,39403
1031.35,1042.2,1031.35,1037.15,06/10/2017 12:00:00 AM,26398
1041,1053.1,1035.1,1049.95,09/10/2017 12:00:00 AM,43948
1050,1072.5,1045.05,1054.85,10/10/2017 12:00:00 AM,28196
1056,1057.2,1038.45,1044.05,11/10/2017 12:00:00 AM,27337
1042.15,1063.9,1038.3,1058.4,12/10/2017 12:00:00 AM,54969
1059,1088.8,1053.4,1081.7,13/10/2017 12:00:00 AM,144333
1085,1098.65,1078.75,1084.6,16/10/2017 12:00:00 AM,90992
1084,1086.5,1072.95,1079.35,17/10/2017 12:00:00 AM,46001
1075,1114.35,1075,1097.4,18/10/2017 12:00:00 AM,47095
1110,1110,1071,1079.35,19/10/2017 12:00:00 AM,15326
1080,1082.35,1059.7,1061.95,23/10/2017 12:00:00 AM,35233
1070,1080,1059.3,1067.7,24/10/2017 12:00:00 AM,24708
1080,1080,1000,1009.7,25/10/2017 12:00:00 AM,312340
1019.8,1024.7,986.5,1018.75,26/10/2017 12:00:00 AM,113133
1025,1044,1023,1032.65,27/10/2017 12:00:00 AM,75746
1033,1045,1020.3,1028.6,30/10/2017 12:00:00 AM,51959
1030,1033.95,1022.15,1024.55,31/10/2017 12:00:00 AM,29343
1032.05,1035.7,1018.35,1024,01/11/2017 12:00:00 AM,44665
1024.05,1032.25,1000,1019.7,02/11/2017 12:00:00 AM,92851
1028,1028,1009.2,1015.6,03/11/2017 12:00:00 AM,1081450
1017,1017.45,999.5,1008.7,06/11/2017 12:00:00 AM,521726
1004.4,1024.2,1004.4,1012.3,07/11/2017 12:00:00 AM,51565
1015,1019.95,1007.85,1011.25,08/11/2017 12:00:00 AM,204756
1011.25,1014.2,1002.6,1005.3,09/11/2017 12:00:00 AM,110705
1004,1007.95,988,992.55,10/11/2017 12:00:00 AM,917585
1035,1035,983.35,994.95,13/11/2017 12:00:00 AM,43436
995.35,1001.85,994.9,999.35,14/11/2017 12:00:00 AM,1685208
1001,1014.7,998,1012.2,15/11/2017 12:00:00 AM,37071
1012.2,1025,1009.6,1017,16/11/2017 12:00:00 AM,318988
1025,1029,1015.15,1024.05,17/11/2017 12:00:00 AM,45454
1022,1042.75,1016.4,1037.4,20/11/2017 12:00:00 AM,53914
1046,1049.9,1021.1,1029.45,21/11/2017 12:00:00 AM,27723
1029.85,1033.95,1019.25,1025.75,22/11/2017 12:00:00 AM,27142
1027,1029.1,1016.4,1020.95,23/11/2017 12:00:00 AM,21031
1024.1,1035.9,1022.8,1031,24/11/2017 12:00:00 AM,167526
1030,1040,1023.3,1035.25,27/11/2017 12:00:00 AM,16962
1039,1040.35,1025.25,1028,28/11/2017 12:00:00 AM,26592
1035,1035,1022.1,1027.25,29/11/2017 12:00:00 AM,70727
1019,1019.8,996.4,1000.2,30/11/2017 12:00:00 AM,94807
1005,1011.45,1001.8,1004.95,01/12/2017 12:00:00 AM,38300
1007.55,1010.55,992.5,999.9,04/12/2017 12:00:00 AM,1304517
997.9,1003.15,995.35,999.75,05/12/2017 12:00:00 AM,42737
1002,1010.1,996.8,999.15,06/12/2017 12:00:00 AM,578434
1000,1003.6,993.35,1001.05,07/12/2017 12:00:00 AM,989892
1006.95,1010.9,1003.35,1008.9,08/12/2017 12:00:00 AM,40502
1019,1019,1002.05,1008.65,11/12/2017 12:00:00 AM,389003
1000.1,1006.95,998.55,1000.6,12/12/2017 12:00:00 AM,32556
996,1027.45,993.15,1014.95,13/12/2017 12:00:00 AM,46831
1019.55,1027.65,1009,1025,14/12/2017 12:00:00 AM,117509
1035,1035,1020.85,1029,15/12/2017 12:00:00 AM,7247330
1033.5,1049,1003.5,1023.55,18/12/2017 12:00:00 AM,52327
1038,1038,1012.8,1020,19/12/2017 12:00:00 AM,34594
1018,1018,1008.65,1013,20/12/2017 12:00:00 AM,39580
1020,1020,1006.95,1011.3,21/12/2017 12:00:00 AM,50497
1012,1015,1004.75,1008.5,22/12/2017 12:00:00 AM,403511
1009.55,1017.75,1008,1014.75,26/12/2017 12:00:00 AM,29957
1015,1021.8,1010,1013.3,27/12/2017 12:00:00 AM,19599
1019,1019,1001.55,1004.6,28/12/2017 12:00:00 AM,34555
1006,1011.3,1003.35,1009.1,29/12/2017 12:00:00 AM,24511
1003,1014.35,1000,1001.65,01/01/2018 12:00:00 AM,23396
1005,1005.85,994,1002.6,02/01/2018 12:00:00 AM,42904
995,1010.35,995,1000.05,03/01/2018 12:00:00 AM,44891
1006,1006,996.55,1000.3,04/01/2018 12:00:00 AM,39046
1003.95,1005.95,996.95,1003.05,05/01/2018 12:00:00 AM,75973
1006,1013,1003.05,1006.5,08/01/2018 12:00:00 AM,28740
1003.05,1018.5,992.5,1006.35,09/01/2018 12:00:00 AM,60014
1006.9,1007.7,999.95,1001.75,10/01/2018 12:00:00 AM,25700
1002,1021.65,1002,1017.85,11/01/2018 12:00:00 AM,65736
1018.4,1025,1014.15,1019.4,12/01/2018 12:00:00 AM,46987
1020,1041.6,1020,1039.15,15/01/2018 12:00:00 AM,180780
1045,1045,1027.5,1032.6,16/01/2018 12:00:00 AM,83862
1034,1035,1021.25,1027.2,17/01/2018 12:00:00 AM,826893
1033,1050,1031.65,1045.4,18/01/2018 12:00:00 AM,64755
1053,1063.5,1042,1059.95,19/01/2018 12:00:00 AM,127586
1065,1078.25,1058.45,1071.3,22/01/2018 12:00:00 AM,41459
1071.3,1082,1071.2,1074.3,23/01/2018 12:00:00 AM,37738
1073.5,1085,1071.4,1080.7,24/01/2018 12:00:00 AM,61528
1084.8,1097,1065,1091.45,25/01/2018 12:00:00 AM,313170
1098,1118.65,1091.55,1113.5,29/01/2018 12:00:00 AM,61329
1128.7,1128.7,1084.55,1089.55,30/01/2018 12:00:00 AM,179181
1094.3,1113,1088,1109.75,31/01/2018 12:00:00 AM,66297
1107,1130.5,1107,1120.3,01/02/2018 12:00:00 AM,100956
1121,1132.5,1079.05,1087.45,02/02/2018 12:00:00 AM,89811
1070,1079.4,1052,1062.25,05/02/2018 12:00:00 AM,226391
1041,1049.1,1019.35,1033.55,06/02/2018 12:00:00 AM,482508
1036.05,1048.8,1030,1034.95,07/02/2018 12:00:00 AM,39506
1048,1056,1031.95,1050,08/02/2018 12:00:00 AM,878683
1040.55,1044.95,1028.85,1032.6,09/02/2018 12:00:00 AM,28172
1040.35,1044.55,1033,1042.8,12/02/2018 12:00:00 AM,255774
1057.55,1057.55,1038.05,1044.75,14/02/2018 12:00:00 AM,31615
1038.55,1047.2,1033.8,1040.9,15/02/2018 12:00:00 AM,20763
1059,1061.85,1042.05,1051.75,16/02/2018 12:00:00 AM,68847
1055,1058.9,1047.05,1056.5,19/02/2018 12:00:00 AM,72989
1075,1075,1040.15,1045,20/02/2018 12:00:00 AM,52568
1045.5,1060.55,1044.35,1054.75,21/02/2018 12:00:00 AM,30480
1054.75,1076.85,1051.8,1072.65,22/02/2018 12:00:00 AM,48591
1074.9,1082.45,1073.3,1079.85,23/02/2018 12:00:00 AM,40953
1081,1110.95,1081,1105.55,26/02/2018 12:00:00 AM,76723
1104,1104.8,1089.4,1092.65,27/02/2018 12:00:00 AM,108532
1093,1095.85,1082.45,1088.75,28/02/2018 12:00:00 AM,318222
1088.05,1103.3,1085.7,1096.15,01/03/2018 12:00:00 AM,27674
1095.55,1104,1082.45,1098.9,05/03/2018 12:00:00 AM,1867527
1117,1117,1074.55,1082.1,06/03/2018 12:00:00 AM,266085
1083.15,1097.5,1076.35,1085.35,07/03/2018 12:00:00 AM,25896
1087,1093.3,1075,1081.1,08/03/2018 12:00:00 AM,27536
1089.9,1091.25,1077.3,1084.95,09/03/2018 12:00:00 AM,49553
1085.05,1105,1083.45,1100.6,12/03/2018 12:00:00 AM,50485
1098.5,1108.5,1080.15,1084.55,13/03/2018 12:00:00 AM,52053
1080,1089.1,1071,1083.4,14/03/2018 12:00:00 AM,32266
1083,1092.1,1079,1087.6,15/03/2018 12:00:00 AM,48976
1087,1087,1057.45,1061,16/03/2018 12:00:00 AM,97313
1066.1,1066.1,1045,1051.35,19/03/2018 12:00:00 AM,759251
1049,1051.4,1038.3,1045.6,20/03/2018 12:00:00 AM,545392
1052.05,1061.4,1046,1051.7,21/03/2018 12:00:00 AM,60609
1057.95,1059.5,1045,1051.6,22/03/2018 12:00:00 AM,126756
1041,1050,1028.65,1039,23/03/2018 12:00:00 AM,72201
1036.25,1066.25,1029.05,1039.6,26/03/2018 12:00:00 AM,74677
1059.6,1074.75,1045,1049,27/03/2018 12:00:00 AM,77124
1050,1069,1040,1048.6,28/03/2018 12:00:00 AM,51232
1045,1100,1045,1097.4,02/04/2018 12:00:00 AM,74068
1096,1105,1078.55,1103,03/04/2018 12:00:00 AM,46701
1105.05,1111.35,1072.7,1078.2,04/04/2018 12:00:00 AM,60700
1085.55,1119.35,1085.1,1114.6,05/04/2018 12:00:00 AM,63229
1116,1123,1102.6,1119.1,06/04/2018 12:00:00 AM,46768
1119.05,1137.4,1063.2,1118.1,09/04/2018 12:00:00 AM,97074
1123.9,1134.8,1111,1113.6,10/04/2018 12:00:00 AM,36128
1115,1128.15,1112.2,1125.7,11/04/2018 12:00:00 AM,20366
1125.7,1135,1113.8,1131.35,12/04/2018 12:00:00 AM,34519
1137.5,1155.8,1137.5,1148.5,13/04/2018 12:00:00 AM,42096
1148,1174.05,1144.05,1170.05,16/04/2018 12:00:00 AM,424797
1180,1180,1161.15,1165.1,17/04/2018 12:00:00 AM,41368
1165.15,1166.7,1151.65,1157.95,18/04/2018 12:00:00 AM,39747
1160,1165.5,1150,1155.2,19/04/2018 12:00:00 AM,33944
1143,1163,1143,1154.45,20/04/2018 12:00:00 AM,24794
1155,1177,1152.85,1170.6,23/04/2018 12:00:00 AM,41100
1180,1180,1155,1166.8,24/04/2018 12:00:00 AM,36895
1166.85,1170.05,1151.5,1167.3,25/04/2018 12:00:00 AM,51936
1167.4,1191,1162.45,1183.75,26/04/2018 12:00:00 AM,31008
1192,1206.2,1178.6,1188.55,27/04/2018 12:00:00 AM,67675
1203,1218.3,1193.65,1210.35,30/04/2018 12:00:00 AM,167603
1228.75,1287.75,1222.9,1257.25,02/05/2018 12:00:00 AM,444640
1263,1263,1226,1233.4,03/05/2018 12:00:00 AM,106810
1234.15,1242.4,1214.95,1231.55,04/05/2018 12:00:00 AM,57064
1237.05,1250,1229.55,1244.55,07/05/2018 12:00:00 AM,86044
1250,1256,1226,1241.4,08/05/2018 12:00:00 AM,75884
1248,1253,1232.95,1248.35,09/05/2018 12:00:00 AM,42329
1256.9,1260,1243.65,1247.25,10/05/2018 12:00:00 AM,46642
1245,1270.45,1245,1265.45,11/05/2018 12:00:00 AM,66150
1262.3,1287,1259.35,1268.95,14/05/2018 12:00:00 AM,51929
1268.95,1301.45,1260,1282.15,15/05/2018 12:00:00 AM,89473
1279.7,1292.45,1265.3,1281.75,16/05/2018 12:00:00 AM,62665
1289.9,1295.35,1263.3,1269,17/05/2018 12:00:00 AM,123045
1269.25,1296.25,1268.95,1294.25,18/05/2018 12:00:00 AM,143735
1295,1299.95,1266,1273.9,21/05/2018 12:00:00 AM,65221
1281,1283.9,1259.55,1264.4,22/05/2018 12:00:00 AM,46779
1259.85,1265,1242.65,1255.8,23/05/2018 12:00:00 AM,38128
1250,1280,1249.4,1275.55,24/05/2018 12:00:00 AM,156119
1275.55,1306.75,1271.3,1298.25,25/05/2018 12:00:00 AM,74843
1310,1310,1290.15,1301.15,28/05/2018 12:00:00 AM,34913
1311,1311,1275,1283.15,29/05/2018 12:00:00 AM,575468
1283,1305.95,1270.6,1302.15,30/05/2018 12:00:00 AM,42120
1304,1395.95,1301.5,1337,31/05/2018 12:00:00 AM,782970
1320,1334.3,1308.75,1318.8,01/06/2018 12:00:00 AM,82799
1329.4,1332.95,1293.2,1303.95,04/06/2018 12:00:00 AM,966825
1302.8,1313.15,1297.7,1304.25,05/06/2018 12:00:00 AM,34010
1305,1320.7,1301.6,1316,06/06/2018 12:00:00 AM,30825
1320,1334.75,1305,1308.45,07/06/2018 12:00:00 AM,430089
1310,1324.7,1301.55,1318.8,08/06/2018 12:00:00 AM,36711
1325,1329.6,1316.85,1320.3,11/06/2018 12:00:00 AM,42508
1324,1335,1321,1331.35,12/06/2018 12:00:00 AM,33312
1332,1332,1314.05,1326.25,13/06/2018 12:00:00 AM,25717
1333.5,1337.95,1320,1333.55,14/06/2018 12:00:00 AM,31936
1335,1343.85,1323.35,1340.45,15/06/2018 12:00:00 AM,43115
1345,1345,1310,1314.05,18/06/2018 12:00:00 AM,56734
1315,1322.2,1303,1307.15,19/06/2018 12:00:00 AM,32521
1312.5,1331.7,1300,1327.75,20/06/2018 12:00:00 AM,57375
1330,1334,1309.35,1313.45,21/06/2018 12:00:00 AM,49164
1313,1324,1308.75,1320.25,22/06/2018 12:00:00 AM,38093
1336,1336,1314.8,1329.45,25/06/2018 12:00:00 AM,50970
1320,1342,1320,1330.75,26/06/2018 12:00:00 AM,155067
1342,1343.35,1318.45,1324.75,27/06/2018 12:00:00 AM,39932
1323.8,1346.2,1312.25,1338.1,28/06/2018 12:00:00 AM,58793
1345,1359.5,1336,1341.8,29/06/2018 12:00:00 AM,81798
1358.7,1358.7,1332.75,1338.5,02/07/2018 12:00:00 AM,68584
1349,1356.2,1329,1352.55,03/07/2018 12:00:00 AM,25922
1353.7,1370.2,1346.45,1366.35,04/07/2018 12:00:00 AM,46538
1376,1379.55,1361.2,1364.2,05/07/2018 12:00:00 AM,168825
1366,1376.55,1360.05,1370.65,06/07/2018 12:00:00 AM,26667
1372.05,1388,1368.7,1385.7,09/07/2018 12:00:00 AM,52594
1390,1390,1367.65,1372.45,10/07/2018 12:00:00 AM,41701
1370.8,1387.4,1370,1382.2,11/07/2018 12:00:00 AM,34624
1395.5,1399.7,1384.95,1393.6,12/07/2018 12:00:00 AM,43971
1389.7,1411.35,1387.15,1404.85,13/07/2018 12:00:00 AM,58085
1414.95,1415.5,1398.55,1408.35,16/07/2018 12:00:00 AM,34637
1424,1424,1392.9,1402.7,17/07/2018 12:00:00 AM,163233
1420,1420,1393.1,1402.05,18/07/2018 12:00:00 AM,33572
1409.5,1412.35,1335,1350.25,19/07/2018 12:00:00 AM,321213
1349.9,1365.5,1328.1,1333.45,20/07/2018 12:00:00 AM,92995
1333.45,1351.35,1321.95,1336.2,23/07/2018 12:00:00 AM,45624
1350,1350,1305,1313.35,24/07/2018 12:00:00 AM,101706
1313,1320,1294.6,1314.8,25/07/2018 12:00:00 AM,71222
1315,1322.5,1295.6,1309.6,26/07/2018 12:00:00 AM,85896
1311.05,1327.25,1307,1311,27/07/2018 12:00:00 AM,96499
1310.95,1310.95,1285.3,1304.65,30/07/2018 12:00:00 AM,64316
1305.55,1313.6,1289,1309.35,31/07/2018 12:00:00 AM,51158
1312,1326,1308.45,1314.4,01/08/2018 12:00:00 AM,74247
1314,1314,1276.1,1281,02/08/2018 12:00:00 AM,123894
1295,1314,1289.4,1309.2,03/08/2018 12:00:00 AM,96262
1310,1312.5,1279.4,1282.35,06/08/2018 12:00:00 AM,111043
1293.7,1299.85,1275.15,1283.5,07/08/2018 12:00:00 AM,93563
1283.5,1299.45,1283.45,1290.35,08/08/2018 12:00:00 AM,53450
1290,1291.65,1270.75,1277.7,09/08/2018 12:00:00 AM,77631
1278,1289.4,1272,1286.8,10/08/2018 12:00:00 AM,63675
1283,1292,1276.6,1287.55,13/08/2018 12:00:00 AM,50457
1299.9,1299.9,1285.9,1291.6,14/08/2018 12:00:00 AM,110912
1271,1271,1242.25,1244.9,16/08/2018 12:00:00 AM,335359
1257.7,1273,1246.35,1262.95,17/08/2018 12:00:00 AM,99781
1262.95,1279.5,1262.9,1271.95,20/08/2018 12:00:00 AM,66811
1279,1279,1260.8,1263.6,21/08/2018 12:00:00 AM,57832
1263.1,1278.9,1238.15,1248.15,23/08/2018 12:00:00 AM,399096
1255,1262.9,1243.2,1254.8,24/08/2018 12:00:00 AM,46476
1256.5,1284.4,1256.5,1274.45,27/08/2018 12:00:00 AM,100496
1294,1294.85,1277.7,1284.55,28/08/2018 12:00:00 AM,65844
1286.65,1295,1276,1287.55,29/08/2018 12:00:00 AM,111243
1281.6,1283.85,1263.75,1276.05,30/08/2018 12:00:00 AM,74666
1278.9,1293,1276,1285.35,31/08/2018 12:00:00 AM,50536
1294.9,1294.9,1264.35,1270.05,03/09/2018 12:00:00 AM,127261
1280,1280,1251.05,1259.7,04/09/2018 12:00:00 AM,57214
1260,1265.45,1227.6,1238.55,05/09/2018 12:00:00 AM,60226
1239.25,1263.9,1239.1,1260.35,06/09/2018 12:00:00 AM,72958
1263.6,1263.6,1238.3,1247.95,07/09/2018 12:00:00 AM,137373
1248,1248,1215.1,1225.15,10/09/2018 12:00:00 AM,75561
1231,1231,1201.55,1206.4,11/09/2018 12:00:00 AM,90705
1212,1235,1199.15,1231.6,12/09/2018 12:00:00 AM,99375
1244,1244.65,1229,1237.5,14/09/2018 12:00:00 AM,61434
1230,1239,1222.9,1229.9,17/09/2018 12:00:00 AM,37338
1240,1240,1210,1216.25,18/09/2018 12:00:00 AM,111822
1216.25,1233.3,1216,1227,19/09/2018 12:00:00 AM,62887
1236,1246,1146.65,1179.65,21/09/2018 12:00:00 AM,255887
1180,1181.55,1144,1149.4,24/09/2018 12:00:00 AM,118396
1149,1191,1121.35,1182.5,25/09/2018 12:00:00 AM,175770
1185.65,1187.15,1160.55,1169.75,26/09/2018 12:00:00 AM,205800
1175,1175.6,1136.15,1144.45,27/09/2018 12:00:00 AM,302021
1145.1,1163,1130.45,1143.5,28/09/2018 12:00:00 AM,119011
1095,1140,1002.3,1124.45,01/10/2018 12:00:00 AM,482913
1124.45,1138,1087.7,1099.25,03/10/2018 12:00:00 AM,231370
1110,1110,1059.05,1073.7,04/10/2018 12:00:00 AM,182014
1079,1089.25,1040,1053.35,05/10/2018 12:00:00 AM,260040
1050.5,1115,1044.7,1104.6,08/10/2018 12:00:00 AM,451095
1113.95,1128,1085.4,1108.45,09/10/2018 12:00:00 AM,704623
1124.75,1146.1,1112.35,1137.9,10/10/2018 12:00:00 AM,161101
1125,1125,1095.15,1115.1,11/10/2018 12:00:00 AM,221548
1120,1174.5,1120,1169.4,12/10/2018 12:00:00 AM,115560
1172,1183.5,1156.85,1170.55,15/10/2018 12:00:00 AM,117881
1167,1181.25,1163.2,1176.8,16/10/2018 12:00:00 AM,86335
1176.8,1188.75,1172.85,1178.05,17/10/2018 12:00:00 AM,180012
1163.95,1206,1161.7,1199.55,19/10/2018 12:00:00 AM,148620
1212,1218.95,1160,1166.6,22/10/2018 12:00:00 AM,298708
1153,1182.5,1144,1177.75,23/10/2018 12:00:00 AM,176744
1182,1195.55,1155.5,1177.3,24/10/2018 12:00:00 AM,239298
1175,1201.75,1166.1,1188.55,25/10/2018 12:00:00 AM,150974
1189,1193.35,1152.45,1159.05,26/10/2018 12:00:00 AM,203900
1159.95,1160.8,1099,1137.55,29/10/2018 12:00:00 AM,221470
1140,1146.7,1115.3,1124.75,30/10/2018 12:00:00 AM,171019
1124.75,1129.35,1105.6,1118,31/10/2018 12:00:00 AM,1286551
1121.15,1126.4,1101,1108.8,01/11/2018 12:00:00 AM,196743
1114,1146.75,1113,1133.3,02/11/2018 12:00:00 AM,252632
1136,1136.05,1116,1129.5,05/11/2018 12:00:00 AM,217347
1132.55,1141.2,1124.8,1129,06/11/2018 12:00:00 AM,163979
1135,1138,1131.35,1135.1,07/11/2018 12:00:00 AM,21993
1134.8,1140.45,1116.65,1137.85,09/11/2018 12:00:00 AM,123235
1149,1161.65,1140.05,1155.9,12/11/2018 12:00:00 AM,120439
1150,1170,1139.05,1165,13/11/2018 12:00:00 AM,137181
1169,1173.65,1123,1129.55,14/11/2018 12:00:00 AM,564082
1134,1167.5,1132.7,1162.65,15/11/2018 12:00:00 AM,183085
1168.1,1173,1153,1167.5,16/11/2018 12:00:00 AM,69562
1173,1188.2,1165.55,1174.2,19/11/2018 12:00:00 AM,512571
1174.2,1179,1162.4,1173.4,20/11/2018 12:00:00 AM,92960
1171.7,1184.1,1170,1176.85,21/11/2018 12:00:00 AM,56490
1175,1182,1168.15,1171.4,22/11/2018 12:00:00 AM,66957
1179,1179,1153.25,1170.35,26/11/2018 12:00:00 AM,38201
1170,1179,1165,1173.95,27/11/2018 12:00:00 AM,95355
1174,1186.75,1157.05,1160.9,28/11/2018 12:00:00 AM,54910
1164.55,1217.9,1157.45,1210.15,29/11/2018 12:00:00 AM,108173
1212,1240,1198.6,1232.35,30/11/2018 12:00:00 AM,106651
1248,1248,1218.7,1229.35,03/12/2018 12:00:00 AM,63759
1234.9,1235.8,1211.1,1225.35,04/12/2018 12:00:00 AM,48766
1225,1228.2,1202.85,1211.3,05/12/2018 12:00:00 AM,92947
1196.15,1210.1,1172.9,1181.5,06/12/2018 12:00:00 AM,71788
1183,1345.35,1177.3,1282.25,07/12/2018 12:00:00 AM,1859235
1245,1288.75,1188.8,1198.15,10/12/2018 12:00:00 AM,975097
1190,1238.5,1172.35,1218.5,11/12/2018 12:00:00 AM,524665
1232.25,1260.75,1226.25,1236.4,12/12/2018 12:00:00 AM,356667
1254.9,1270,1230,1262.1,13/12/2018 12:00:00 AM,316360
1262,1270.95,1248,1255.25,14/12/2018 12:00:00 AM,179442
1259,1265.95,1209.3,1223.9,17/12/2018 12:00:00 AM,400751
1214.8,1240,1214.15,1237.1,18/12/2018 12:00:00 AM,146105
1230.9,1244.75,1223.5,1228.05,19/12/2018 12:00:00 AM,221810
1229,1239.5,1216.7,1236,20/12/2018 12:00:00 AM,136383
1237.15,1246.05,1222.8,1227.4,21/12/2018 12:00:00 AM,249311
1234.9,1242.25,1222.35,1237.65,24/12/2018 12:00:00 AM,94458
1231.9,1253.35,1211,1249.65,26/12/2018 12:00:00 AM,110361
1260.5,1263,1235.6,1239.35,27/12/2018 12:00:00 AM,147835
1241.2,1252.45,1236.75,1244.65,28/12/2018 12:00:00 AM,92996
1242,1259.85,1235,1254.75,31/12/2018 12:00:00 AM,90476
1251.15,1256.3,1242.85,1251.35,01/01/2019 12:00:00 AM,58225
1245.5,1248.3,1228.1,1240.9,02/01/2019 12:00:00 AM,241079
1245.9,1251.2,1229.75,1237.35,03/01/2019 12:00:00 AM,68986
1234.6,1250,1230.15,1246.7,04/01/2019 12:00:00 AM,132937
1251.9,1253.2,1242,1247.55,07/01/2019 12:00:00 AM,94792
1248.9,1248.9,1228.35,1232.25,08/01/2019 12:00:00 AM,102296
1243.5,1244.2,1229.45,1238.9,09/01/2019 12:00:00 AM,116256
1235,1240.3,1216.5,1221.35,10/01/2019 12:00:00 AM,130207
1228,1229,1215,1221.25,11/01/2019 12:00:00 AM,254955
1224,1224,1204.6,1210.45,14/01/2019 12:00:00 AM,5098920
1210.45,1219,1210.45,1212.15,15/01/2019 12:00:00 AM,77146
1216.05,1216.55,1198.65,1205.1,16/01/2019 12:00:00 AM,262527
1208.9,1225,1201.1,1220.1,17/01/2019 12:00:00 AM,335899
1222.2,1241.1,1217,1237.35,18/01/2019 12:00:00 AM,85565
1241,1276,1224.05,1267.3,21/01/2019 12:00:00 AM,613577
1281,1307.3,1275,1291.6,22/01/2019 12:00:00 AM,368763
1295,1298.95,1270,1276.2,23/01/2019 12:00:00 AM,160324
1271,1274.85,1261,1267.95,24/01/2019 12:00:00 AM,164234
1267.1,1287.95,1260,1265.15,25/01/2019 12:00:00 AM,110384
1265.65,1284,1256,1261.15,28/01/2019 12:00:00 AM,227184
1261.5,1273,1246,1250.95,29/01/2019 12:00:00 AM,95517
1255,1256,1217,1221.5,30/01/2019 12:00:00 AM,139274
1224,1259,1213,1253.25,31/01/2019 12:00:00 AM,93503
1258.25,1270.5,1241,1258.1,01/02/2019 12:00:00 AM,161933
1258,1275,1242.75,1272.8,04/02/2019 12:00:00 AM,56855
1275,1286.85,1269,1279.1,05/02/2019 12:00:00 AM,92877
1286,1288,1275.7,1279.05,06/02/2019 12:00:00 AM,87958
1279.05,1292.45,1276.15,1283.35,07/02/2019 12:00:00 AM,124298
1283.9,1308,1277.55,1295.55,08/02/2019 12:00:00 AM,115215