Open,High,Low,Close,Date
408,412.8,405.95,410.8,10/02/2014 12:00:00 AM
411.83,412.13,401.5,402.75,11/02/2014 12:00:00 AM
403.5,410.93,403.5,408.73,12/02/2014 12:00:00 AM
409,409.38,402.88,403.73,13/02/2014 12:00:00 AM
405.18,411.45,404.5,410.75,14/02/2014 12:00:00 AM
410.45,411.08,403.8,405.73,17/02/2014 12:00:00 AM
404.85,408.95,404.5,406.38,18/02/2014 12:00:00 AM
406.8,409.98,405.25,406.28,19/02/2014 12:00:00 AM
405.5,406.88,401.7,402.68,20/02/2014 12:00:00 AM
404,407.98,403.1,405.65,21/02/2014 12:00:00 AM
405,407.25,402.88,406.2,24/02/2014 12:00:00 AM
407.28,408.13,403.9,405.2,25/02/2014 12:00:00 AM
406.38,408.25,404.13,405.28,26/02/2014 12:00:00 AM
405.98,407,397,399.63,28/02/2014 12:00:00 AM
400,403,399,401.75,03/03/2014 12:00:00 AM
402,408.28,401.5,407.3,04/03/2014 12:00:00 AM
407.95,408.93,402.5,403.45,05/03/2014 12:00:00 AM
404.68,412.2,404.68,411,06/03/2014 12:00:00 AM
412.5,436.9,412.5,434.5,07/03/2014 12:00:00 AM
432.35,451.2,431.5,442.9,10/03/2014 12:00:00 AM
442.35,443.95,436.3,437.48,11/03/2014 12:00:00 AM
436.58,441.18,433.55,435.58,12/03/2014 12:00:00 AM
437.03,447.4,436.95,439.55,13/03/2014 12:00:00 AM
436,444.95,434.88,443.05,14/03/2014 12:00:00 AM
445,454.4,444.4,447.68,18/03/2014 12:00:00 AM
449.5,454.95,447.78,451.08,19/03/2014 12:00:00 AM
451.3,453.35,449,452.85,20/03/2014 12:00:00 AM
453.13,456.85,441.28,442.88,21/03/2014 12:00:00 AM
443.68,445.5,442,444.15,22/03/2014 12:00:00 AM
446,454,446,452.3,24/03/2014 12:00:00 AM
439.5,441.48,436.3,439.33,25/03/2014 12:00:00 AM
440.9,451.33,440.9,445.1,26/03/2014 12:00:00 AM
447.5,452.23,446.38,451.08,27/03/2014 12:00:00 AM
449.8,459.65,449.8,457.08,28/03/2014 12:00:00 AM
458.63,469.65,457.05,464.75,31/03/2014 12:00:00 AM
467.53,472.18,465.05,470.58,01/04/2014 12:00:00 AM
472.5,479.9,469.28,478.48,02/04/2014 12:00:00 AM
477.8,481.1,470.38,475.98,03/04/2014 12:00:00 AM
475.08,476.3,471.05,472.1,04/04/2014 12:00:00 AM
472,477.45,467.45,472.03,07/04/2014 12:00:00 AM
468.4,482.43,468.4,480.55,09/04/2014 12:00:00 AM
480.6,486.45,480.6,484.4,10/04/2014 12:00:00 AM
483.4,485.3,475.15,476.43,11/04/2014 12:00:00 AM
476.88,476.88,468.48,474.25,15/04/2014 12:00:00 AM
470.1,479.5,469.1,470.53,16/04/2014 12:00:00 AM
472.5,481.4,472.2,479.38,17/04/2014 12:00:00 AM
484.08,485,478,479.73,21/04/2014 12:00:00 AM
480,494.45,478.45,484.18,22/04/2014 12:00:00 AM
485,488.45,482.5,483.43,23/04/2014 12:00:00 AM
483.63,484,472.5,473.7,25/04/2014 12:00:00 AM
473.95,477.7,471.08,472.68,28/04/2014 12:00:00 AM
474,475.9,469.18,470.15,29/04/2014 12:00:00 AM
472.5,480,465,467.65,30/04/2014 12:00:00 AM
470.5,473.65,462.75,464.15,02/05/2014 12:00:00 AM
465,478.83,462.5,472.6,05/05/2014 12:00:00 AM
474,483.5,474,481.63,06/05/2014 12:00:00 AM
481,485.5,478.5,480.38,07/05/2014 12:00:00 AM
481.08,484.98,475.48,479.83,08/05/2014 12:00:00 AM
478.95,499.5,478.35,498.68,09/05/2014 12:00:00 AM
498.73,524,497.5,514.48,12/05/2014 12:00:00 AM
518.55,532.95,516.43,530.68,13/05/2014 12:00:00 AM
531.35,533.5,520.78,522.78,14/05/2014 12:00:00 AM
522.5,529.43,520,526.6,15/05/2014 12:00:00 AM
540.58,571.25,531.5,540.25,16/05/2014 12:00:00 AM
543,562.2,543,560.13,19/05/2014 12:00:00 AM
562.5,565,537.5,539.25,20/05/2014 12:00:00 AM
540,551.33,537,539.05,21/05/2014 12:00:00 AM
542.95,556.75,542.5,550.65,22/05/2014 12:00:00 AM
554.5,565.5,551,563.93,23/05/2014 12:00:00 AM
567.5,570,538.03,550.5,26/05/2014 12:00:00 AM
552.5,553,538.03,543.88,27/05/2014 12:00:00 AM
546.2,553,542.48,544.28,28/05/2014 12:00:00 AM
545.08,546.95,534.58,536.53,29/05/2014 12:00:00 AM
541.58,544.8,531,532.58,30/05/2014 12:00:00 AM
536.58,543.95,532.78,541.18,02/06/2014 12:00:00 AM
543,550.95,538.83,547.38,03/06/2014 12:00:00 AM
548,550.75,537.9,538.95,04/06/2014 12:00:00 AM
540.43,547.35,532.08,543.8,05/06/2014 12:00:00 AM
555,566.4,552.5,559.93,06/06/2014 12:00:00 AM
564.58,566.05,556.55,561.3,09/06/2014 12:00:00 AM
563.33,564.08,550.5,558.93,10/06/2014 12:00:00 AM
557.8,559.5,546.63,550.78,11/06/2014 12:00:00 AM
549.8,556.48,543.03,547.3,12/06/2014 12:00:00 AM
550.75,553.48,536.2,540.98,13/06/2014 12:00:00 AM
541.05,542.5,529.5,532.25,16/06/2014 12:00:00 AM
529.85,547.33,529,544.95,17/06/2014 12:00:00 AM
547.5,550.98,530.78,533.4,18/06/2014 12:00:00 AM
535.63,538,515.93,520.7,19/06/2014 12:00:00 AM
523,524.85,517.6,518.93,20/06/2014 12:00:00 AM
515.08,522.55,512.2,519.35,23/06/2014 12:00:00 AM
523,531.35,523,529.83,24/06/2014 12:00:00 AM
529.3,530,524.3,525.4,25/06/2014 12:00:00 AM
513,513.4,504.05,505.98,26/06/2014 12:00:00 AM
505.35,511.5,503.83,506.53,27/06/2014 12:00:00 AM
506.6,509.7,500.05,507.35,30/06/2014 12:00:00 AM
508,510.5,503.05,504,01/07/2014 12:00:00 AM
509,513.2,505.95,509.1,02/07/2014 12:00:00 AM
509.5,511.5,488.5,503.55,03/07/2014 12:00:00 AM
504.4,518.4,502.08,515.98,04/07/2014 12:00:00 AM
517.45,518.5,510.28,513.2,07/07/2014 12:00:00 AM
513.5,517.23,495.5,497.58,08/07/2014 12:00:00 AM
499.75,504.7,496.53,500.03,09/07/2014 12:00:00 AM
500,510.38,491,499.1,10/07/2014 12:00:00 AM
498.8,500.73,481.93,483.5,11/07/2014 12:00:00 AM
485,487.85,479.5,480.93,14/07/2014 12:00:00 AM
483.8,489.95,481.5,486.1,15/07/2014 12:00:00 AM
487.7,495.75,487.5,494.53,16/07/2014 12:00:00 AM
494.5,498.75,490.1,491.18,17/07/2014 12:00:00 AM
491,492,485.1,488.35,18/07/2014 12:00:00 AM
500,503.88,497.5,498.68,21/07/2014 12:00:00 AM
502.4,517,500.53,515.4,22/07/2014 12:00:00 AM
517.68,519.58,510.13,516.53,23/07/2014 12:00:00 AM
515,521.25,512,520.38,24/07/2014 12:00:00 AM
520,520.93,504,510.88,25/07/2014 12:00:00 AM
511.9,511.9,501.13,502.65,28/07/2014 12:00:00 AM
503.1,505.5,496.5,502.75,30/07/2014 12:00:00 AM
504.5,509.65,501.3,503,31/07/2014 12:00:00 AM
499.2,499.65,488.5,489.23,01/08/2014 12:00:00 AM
490.8,494.7,488.43,492.6,04/08/2014 12:00:00 AM
493,493.6,485.8,491.8,05/08/2014 12:00:00 AM
492.6,498.93,490,493.88,06/08/2014 12:00:00 AM
494.5,498.25,492,494.68,07/08/2014 12:00:00 AM
490.3,491.85,486.55,490.2,08/08/2014 12:00:00 AM
492,493.73,489.28,490.33,11/08/2014 12:00:00 AM
491.5,493,488.1,492.25,12/08/2014 12:00:00 AM
491.98,498.25,490.43,495,13/08/2014 12:00:00 AM
496.18,502.15,496,500.95,14/08/2014 12:00:00 AM
500,507.5,499.05,506.63,18/08/2014 12:00:00 AM
508.2,511.63,503.13,504.35,19/08/2014 12:00:00 AM
505.68,509.2,497.58,499.1,20/08/2014 12:00:00 AM
500,501.88,495.5,497.43,21/08/2014 12:00:00 AM
499.33,503.4,497.7,499,22/08/2014 12:00:00 AM
500,504.3,497,498.18,25/08/2014 12:00:00 AM
498,498.6,492.13,497.03,26/08/2014 12:00:00 AM
499.4,501,494,497.18,27/08/2014 12:00:00 AM
497.5,501.48,497.25,499.63,28/08/2014 12:00:00 AM
501.58,510.3,498.15,507.08,01/09/2014 12:00:00 AM
508.18,515.75,505.58,511.95,02/09/2014 12:00:00 AM
513.5,517.45,510.5,515.48,03/09/2014 12:00:00 AM
514.7,516.78,509.03,512.05,04/09/2014 12:00:00 AM
511.68,516.68,510.4,512.6,05/09/2014 12:00:00 AM
515.28,519.5,499.5,518.73,08/09/2014 12:00:00 AM
517.9,524.95,514.25,516.65,09/09/2014 12:00:00 AM
515,515,506.55,508,10/09/2014 12:00:00 AM
510.25,511.1,504,509.38,11/09/2014 12:00:00 AM
509,512.05,506,507.85,12/09/2014 12:00:00 AM
504.95,505.58,500.5,501.43,15/09/2014 12:00:00 AM
501.2,502.25,489,490.23,16/09/2014 12:00:00 AM
492.85,495,490,494,17/09/2014 12:00:00 AM
493.5,504.5,491.6,502.25,18/09/2014 12:00:00 AM
502.88,507.63,495.5,497.3,19/09/2014 12:00:00 AM
497,498,493.93,495.55,22/09/2014 12:00:00 AM
495.85,497.48,481.5,483.05,23/09/2014 12:00:00 AM
487,487,478.13,482.45,24/09/2014 12:00:00 AM
482.7,485,461.5,464.7,25/09/2014 12:00:00 AM
464.75,470.7,459.05,466.8,26/09/2014 12:00:00 AM
469.2,471.3,464.88,466.38,29/09/2014 12:00:00 AM
465,474.13,462.6,472.68,30/09/2014 12:00:00 AM
472.4,472.55,462.88,463.4,01/10/2014 12:00:00 AM
464.45,467.45,461.85,463.33,07/10/2014 12:00:00 AM
461.8,471,461.05,468.58,08/10/2014 12:00:00 AM
470.2,478.6,470,477.33,09/10/2014 12:00:00 AM
474.45,484.18,468.48,480.15,10/10/2014 12:00:00 AM
480.5,482,474.4,478.93,13/10/2014 12:00:00 AM
489.9,490,479.58,480.55,14/10/2014 12:00:00 AM
477.3,478.4,464.23,466.18,16/10/2014 12:00:00 AM
467.5,470.5,462.8,469.08,17/10/2014 12:00:00 AM
468.78,470.9,456.38,467.25,20/10/2014 12:00:00 AM
468.05,468.5,463.55,464.58,21/10/2014 12:00:00 AM
468.35,475.45,466.83,472.98,22/10/2014 12:00:00 AM
474.5,477.25,474.5,476.48,23/10/2014 12:00:00 AM
479.6,480.45,468.83,470.85,27/10/2014 12:00:00 AM
472,472,463.5,467.03,28/10/2014 12:00:00 AM
469,476.2,467,475.65,29/10/2014 12:00:00 AM
474.2,490.73,474.15,489.65,30/10/2014 12:00:00 AM
491,501.35,490.95,499.6,31/10/2014 12:00:00 AM
501,504.25,495.28,500.6,03/11/2014 12:00:00 AM
500.6,504,494,495.68,05/11/2014 12:00:00 AM
495.5,497.75,489.25,490.45,07/11/2014 12:00:00 AM
491.18,494.55,484.05,484.75,10/11/2014 12:00:00 AM
486.2,493.6,483.5,488.88,11/11/2014 12:00:00 AM
491,492,485,486.95,12/11/2014 12:00:00 AM
487.85,489.9,482.08,484.38,13/11/2014 12:00:00 AM
485.03,488.75,482.5,484.58,14/11/2014 12:00:00 AM
484.5,492.5,483.48,491.68,17/11/2014 12:00:00 AM
493.18,498.75,492.75,493.88,18/11/2014 12:00:00 AM
493.88,495.9,488.13,488.9,19/11/2014 12:00:00 AM
488.9,491.45,485.1,490.2,20/11/2014 12:00:00 AM
490.45,499.95,490,498.73,21/11/2014 12:00:00 AM
500,501.58,491,492.3,24/11/2014 12:00:00 AM
492.5,497.45,487,496.18,25/11/2014 12:00:00 AM
496.5,496.5,491.25,493.68,26/11/2014 12:00:00 AM
495,496.48,491.63,493.58,27/11/2014 12:00:00 AM
494.63,508.1,491.78,495.43,28/11/2014 12:00:00 AM
494.7,495.85,479.6,480.88,01/12/2014 12:00:00 AM
482.2,485.45,479.18,481.25,02/12/2014 12:00:00 AM
480.45,486.8,480.45,483.1,03/12/2014 12:00:00 AM
484.18,487.18,478.05,479.28,04/12/2014 12:00:00 AM
480.5,483.4,477.75,478.85,05/12/2014 12:00:00 AM
481.15,481.45,471.3,472.53,08/12/2014 12:00:00 AM
471.2,475.03,465.7,469.65,09/12/2014 12:00:00 AM
466,470.45,465,466.03,10/12/2014 12:00:00 AM
465,465,451.6,453.15,11/12/2014 12:00:00 AM
454,455.73,440.43,441.78,12/12/2014 12:00:00 AM
438.1,440.45,436.2,439.23,15/12/2014 12:00:00 AM
437.75,441.5,429.98,432.05,16/12/2014 12:00:00 AM
433.4,437.48,432.28,434.98,17/12/2014 12:00:00 AM
440,442.63,432.63,440.13,18/12/2014 12:00:00 AM
443.4,454.3,441.2,450.08,19/12/2014 12:00:00 AM
451.6,453.23,445.53,452.25,22/12/2014 12:00:00 AM
451.7,451.98,446.03,446.95,23/12/2014 12:00:00 AM
447.5,448.3,440.83,443.4,24/12/2014 12:00:00 AM
443.9,446.35,440.13,444.5,26/12/2014 12:00:00 AM
444.25,450.25,443.3,448.5,29/12/2014 12:00:00 AM
449.2,449.25,438.83,440.3,30/12/2014 12:00:00 AM
440.13,446.9,439.78,445.58,31/12/2014 12:00:00 AM
442.75,446.08,442.1,444.03,01/01/2015 12:00:00 AM
444.4,448,442,442.8,02/01/2015 12:00:00 AM
442.78,445.45,437.65,438.55,05/01/2015 12:00:00 AM
436,436,416.05,418.05,06/01/2015 12:00:00 AM
419.35,429.4,418.6,427.7,07/01/2015 12:00:00 AM
429.93,431.48,420.85,421.43,08/01/2015 12:00:00 AM
423.08,431.25,422.55,430.23,09/01/2015 12:00:00 AM
431.25,431.5,421.18,425.28,12/01/2015 12:00:00 AM
426.38,427.23,420.33,421.53,13/01/2015 12:00:00 AM
421.55,423.45,415.55,417.53,14/01/2015 12:00:00 AM
420.63,435.1,420.55,432.3,15/01/2015 12:00:00 AM
430.5,437.03,426.08,434.5,16/01/2015 12:00:00 AM
435,442.88,429.53,439.93,19/01/2015 12:00:00 AM
441.4,451.88,439.3,450.58,20/01/2015 12:00:00 AM
452,454.6,446.15,452.33,21/01/2015 12:00:00 AM
452.6,453.48,439.68,442.05,22/01/2015 12:00:00 AM
445,448.45,438.73,443.48,23/01/2015 12:00:00 AM
445.1,448.45,440.45,444.38,27/01/2015 12:00:00 AM
442.55,454.88,442.5,452.93,28/01/2015 12:00:00 AM
453,467.13,451,463.95,29/01/2015 12:00:00 AM
465.03,466,455,457.68,30/01/2015 12:00:00 AM
457.58,459.68,453,453.95,02/02/2015 12:00:00 AM
456.25,470.1,455.65,468.73,03/02/2015 12:00:00 AM
469.7,471.55,462.85,464.35,04/02/2015 12:00:00 AM
466.25,469.3,459.08,461.18,05/02/2015 12:00:00 AM
462.85,465.08,452,455.23,06/02/2015 12:00:00 AM
451.5,457.85,445.98,448.65,09/02/2015 12:00:00 AM
446,452.5,431.2,441.35,10/02/2015 12:00:00 AM
442.5,452.1,441.83,450.48,11/02/2015 12:00:00 AM
453.18,457.5,443.65,455.23,12/02/2015 12:00:00 AM
457.5,460,454.83,458.6,13/02/2015 12:00:00 AM
460,461.98,450.03,451.33,16/02/2015 12:00:00 AM
450,454,447.53,450.73,18/02/2015 12:00:00 AM
452.5,453.58,443.78,450.68,19/02/2015 12:00:00 AM
448.5,448.5,436,436.63,20/02/2015 12:00:00 AM
434.9,438.2,423.33,425.58,23/02/2015 12:00:00 AM
426.5,428.6,418.55,420.88,24/02/2015 12:00:00 AM
423.5,428.2,420.8,421.78,25/02/2015 12:00:00 AM
423.03,425,418.55,421.13,26/02/2015 12:00:00 AM
423.08,430.25,422.3,427.83,27/02/2015 12:00:00 AM
430.9,434.2,423.5,433.13,28/02/2015 12:00:00 AM
434.93,437.8,428.08,431.85,02/03/2015 12:00:00 AM
435,453.25,433.7,450.83,03/03/2015 12:00:00 AM
452.5,454.5,440.2,443.48,04/03/2015 12:00:00 AM
445.5,449.2,439.75,442.2,05/03/2015 12:00:00 AM
442,445.9,432.1,434.33,09/03/2015 12:00:00 AM
435,437.45,427.7,429.55,10/03/2015 12:00:00 AM
430,434.75,426.6,427.93,11/03/2015 12:00:00 AM
430,433.1,427.78,431.88,12/03/2015 12:00:00 AM
434.5,434.98,423.5,425.08,13/03/2015 12:00:00 AM
427,427,420.5,421.03,16/03/2015 12:00:00 AM
424.08,429.9,420.5,428.43,17/03/2015 12:00:00 AM
429,436.45,427.5,434.38,18/03/2015 12:00:00 AM
437.5,438,426.05,428.13,19/03/2015 12:00:00 AM
428.05,430.5,424.43,427.15,20/03/2015 12:00:00 AM
428.18,431.73,419.05,421.13,23/03/2015 12:00:00 AM
421.23,427.23,421.03,424.4,24/03/2015 12:00:00 AM
425.25,425.25,420.08,422.35,25/03/2015 12:00:00 AM
420.68,424.38,412.28,415.3,26/03/2015 12:00:00 AM
416.3,417.58,400.75,405.88,27/03/2015 12:00:00 AM
408,409,398.38,405.18,30/03/2015 12:00:00 AM
408.05,416.03,408.05,412.35,31/03/2015 12:00:00 AM
412.48,419,407,417.28,01/04/2015 12:00:00 AM
417.65,418.98,410.73,412,06/04/2015 12:00:00 AM
412.55,417.95,412.55,416.4,07/04/2015 12:00:00 AM
418,434.58,416.5,432.75,08/04/2015 12:00:00 AM
433.05,449.45,430,447.48,09/04/2015 12:00:00 AM
447.5,453.35,444.5,451.83,10/04/2015 12:00:00 AM
454.2,462.5,449.3,461.2,13/04/2015 12:00:00 AM
460.45,469.7,453.8,461.88,15/04/2015 12:00:00 AM
463.08,468.8,459.5,463.73,16/04/2015 12:00:00 AM
467.7,471.9,461.58,463.43,17/04/2015 12:00:00 AM
468.28,468.98,439.38,442.78,20/04/2015 12:00:00 AM
444,447.53,436.23,437.95,21/04/2015 12:00:00 AM
440.3,443.3,433.8,439.95,22/04/2015 12:00:00 AM
442.33,444.95,434.63,438.5,23/04/2015 12:00:00 AM
438.43,441.98,434.2,439.7,24/04/2015 12:00:00 AM
440.5,443.75,435.5,437.28,27/04/2015 12:00:00 AM
437.5,440.88,430,432.5,28/04/2015 12:00:00 AM
431.7,435.48,424.15,425.63,29/04/2015 12:00:00 AM
425.85,432.95,424.25,431.43,30/04/2015 12:00:00 AM
433.5,446.63,430.6,445.23,04/05/2015 12:00:00 AM
446.5,450.88,442.5,445.45,05/05/2015 12:00:00 AM
445.53,448.2,436,439.63,06/05/2015 12:00:00 AM
438.65,439.5,430,434.7,07/05/2015 12:00:00 AM
435.5,446.7,431.8,444.95,08/05/2015 12:00:00 AM
446,449.48,441.6,447.88,11/05/2015 12:00:00 AM
447.5,447.5,432.63,434.18,12/05/2015 12:00:00 AM
437.5,444.5,428.95,442.4,13/05/2015 12:00:00 AM
441.13,443,435.5,439.25,14/05/2015 12:00:00 AM
440.65,443.2,435.6,436.98,15/05/2015 12:00:00 AM
438.1,446.05,436.5,445.25,18/05/2015 12:00:00 AM
446,452.48,443.55,447.75,19/05/2015 12:00:00 AM
450,454.75,449.45,453.7,20/05/2015 12:00:00 AM
455.13,457.75,447,448.45,21/05/2015 12:00:00 AM
448.6,452.4,448.5,451.33,22/05/2015 12:00:00 AM
450.68,453.8,446.1,447.1,25/05/2015 12:00:00 AM
447.75,448.25,441.6,442.33,26/05/2015 12:00:00 AM
442.05,445.4,440.38,443.48,27/05/2015 12:00:00 AM
443.45,447,436.7,438.38,28/05/2015 12:00:00 AM
439.75,443.25,437,438.58,29/05/2015 12:00:00 AM
438.5,452,438.5,450.68,01/06/2015 12:00:00 AM
452.08,459.25,445.58,449.35,02/06/2015 12:00:00 AM
449.5,455.18,444.5,447.95,03/06/2015 12:00:00 AM
451.55,457.95,447.53,456.25,04/06/2015 12:00:00 AM
455,458.33,452,453.03,05/06/2015 12:00:00 AM
454.4,455.33,441.83,442.63,08/06/2015 12:00:00 AM
442.63,445.25,439,441.95,09/06/2015 12:00:00 AM
442.5,454.95,442.5,452.95,10/06/2015 12:00:00 AM
453.45,454.48,437,438.6,11/06/2015 12:00:00 AM
439.65,446.25,439.43,444.58,12/06/2015 12:00:00 AM
446.85,452.3,445,450.5,15/06/2015 12:00:00 AM
449.95,452.95,446.25,451.98,16/06/2015 12:00:00 AM
452.5,470.2,447.2,465.55,17/06/2015 12:00:00 AM
467.2,491,466.5,489.53,18/06/2015 12:00:00 AM
491.5,503,491.5,498.25,19/06/2015 12:00:00 AM
498.45,504.35,493.33,495.68,22/06/2015 12:00:00 AM
496.38,501.2,495.38,497.38,23/06/2015 12:00:00 AM
497.63,503.28,493,495.38,24/06/2015 12:00:00 AM
495.25,504.53,492.58,502.33,25/06/2015 12:00:00 AM
501.13,506.9,497.75,499.78,26/06/2015 12:00:00 AM
492.5,496.8,486.3,495.38,29/06/2015 12:00:00 AM
495,501.75,494,500.23,30/06/2015 12:00:00 AM
501.2,505.33,501,502.88,01/07/2015 12:00:00 AM
503.53,509.98,503.08,505.15,02/07/2015 12:00:00 AM
505.45,506.75,501.73,503.38,03/07/2015 12:00:00 AM
500,509.43,498,507.65,06/07/2015 12:00:00 AM
507,508.25,500.15,501.7,07/07/2015 12:00:00 AM
500,504.1,495.23,497.4,08/07/2015 12:00:00 AM
497.68,500.73,492.15,493.65,09/07/2015 12:00:00 AM
497.33,501.88,495.2,500.78,10/07/2015 12:00:00 AM
500.5,506.13,497.7,503.6,13/07/2015 12:00:00 AM
504.2,505.73,497.63,498.8,14/07/2015 12:00:00 AM
500,507,499.5,505.7,15/07/2015 12:00:00 AM
506.25,513.75,505.7,511.83,16/07/2015 12:00:00 AM
511.5,515.5,509,511.08,17/07/2015 12:00:00 AM
513.05,514.95,509.05,512.38,20/07/2015 12:00:00 AM
513.35,514,501.45,503.75,21/07/2015 12:00:00 AM
503.65,526.75,502.58,525.23,22/07/2015 12:00:00 AM
527.5,533.5,520.5,522.83,23/07/2015 12:00:00 AM
523.1,525,510.8,512.53,24/07/2015 12:00:00 AM
513.5,517.5,500.65,502.9,27/07/2015 12:00:00 AM
504.75,508.38,500.13,504.98,28/07/2015 12:00:00 AM
506,506.23,496.1,497.73,29/07/2015 12:00:00 AM
500.85,504,496.53,499.65,30/07/2015 12:00:00 AM
501,503.95,495,500.83,31/07/2015 12:00:00 AM
500.58,506.6,499.1,500.58,03/08/2015 12:00:00 AM
500.63,502.73,490.08,494.05,04/08/2015 12:00:00 AM
495,500,492,493.83,05/08/2015 12:00:00 AM
497,497,489,489.7,06/08/2015 12:00:00 AM
490.5,497,487.65,492.13,07/08/2015 12:00:00 AM
492.5,494.9,483.13,485.05,10/08/2015 12:00:00 AM
488,488,479.28,483.18,11/08/2015 12:00:00 AM
483.18,483.18,470.08,471.53,12/08/2015 12:00:00 AM
474,477.05,465.63,467.45,13/08/2015 12:00:00 AM
469.3,485.98,467.45,483.53,14/08/2015 12:00:00 AM
483.5,483.53,473.65,475.03,17/08/2015 12:00:00 AM
477.6,479.43,471,472.18,18/08/2015 12:00:00 AM
472.45,480.23,469.83,476.35,19/08/2015 12:00:00 AM
479.95,480,458.13,459.43,20/08/2015 12:00:00 AM
455,455.9,448.68,453.65,21/08/2015 12:00:00 AM
445,445,409.5,414.48,24/08/2015 12:00:00 AM
420,430.5,412.2,426.45,25/08/2015 12:00:00 AM
423.95,437.4,420.73,426.73,26/08/2015 12:00:00 AM
434.15,440,428.83,434.78,27/08/2015 12:00:00 AM
439.78,441.5,433.05,435.6,28/08/2015 12:00:00 AM
435.13,435.6,427.25,428.4,31/08/2015 12:00:00 AM
426.28,426.5,417.6,420.08,01/09/2015 12:00:00 AM
425,428.48,421.65,424.65,02/09/2015 12:00:00 AM
426.95,430.2,422.53,426.88,03/09/2015 12:00:00 AM
423.55,425.18,412.63,417.8,04/09/2015 12:00:00 AM
418.5,422,413.88,416.53,07/09/2015 12:00:00 AM
418,426.6,413,424.48,08/09/2015 12:00:00 AM
429.5,439.25,425.68,436.53,09/09/2015 12:00:00 AM
430.05,435,428,433.48,10/09/2015 12:00:00 AM
436.68,438.15,428.65,430.53,11/09/2015 12:00:00 AM
430.9,432.2,426.05,431.53,14/09/2015 12:00:00 AM
431,434.83,428.1,433.78,15/09/2015 12:00:00 AM
435,438.7,432.5,436.05,16/09/2015 12:00:00 AM
438.75,449.5,438.55,447.55,18/09/2015 12:00:00 AM
440,443.88,437.85,438.85,21/09/2015 12:00:00 AM
440.05,442.23,422.5,423.73,22/09/2015 12:00:00 AM
420,428.38,420,425.7,23/09/2015 12:00:00 AM
424,424,417.53,418.95,24/09/2015 12:00:00 AM
418.95,420.45,415,417.18,28/09/2015 12:00:00 AM
414.5,424.65,413.28,419.58,29/09/2015 12:00:00 AM
424.03,431.5,419.3,430.25,30/09/2015 12:00:00 AM
436,436.25,429.4,431.15,01/10/2015 12:00:00 AM
432.5,444.95,431.25,443.13,05/10/2015 12:00:00 AM
446.55,449.5,442.78,447.95,06/10/2015 12:00:00 AM
447.9,458.5,445.03,456.93,07/10/2015 12:00:00 AM
457.08,457.5,443.3,444.58,08/10/2015 12:00:00 AM
448.43,452.45,441.05,443.18,09/10/2015 12:00:00 AM
445,450.33,444.25,446.03,12/10/2015 12:00:00 AM
443.9,447.5,441.5,446.28,13/10/2015 12:00:00 AM
446.58,452,446.15,451,14/10/2015 12:00:00 AM
453.63,455.3,450.05,452,15/10/2015 12:00:00 AM
452.5,457.35,452,456.1,16/10/2015 12:00:00 AM
470.8,482.6,470.8,481.7,19/10/2015 12:00:00 AM
481.5,483.4,475.55,477.73,20/10/2015 12:00:00 AM
478,487,476.4,477.38,21/10/2015 12:00:00 AM
481.05,486.68,475.4,477.93,23/10/2015 12:00:00 AM
479.03,481.5,470,471.5,26/10/2015 12:00:00 AM
470.9,473.88,468.75,469.6,27/10/2015 12:00:00 AM
469,472.25,465.18,468.63,28/10/2015 12:00:00 AM
469.4,472.48,467.75,470.78,29/10/2015 12:00:00 AM
470.78,477.88,470.4,473.93,30/10/2015 12:00:00 AM
473.05,480.25,472.63,479.58,02/11/2015 12:00:00 AM
481,485,481,483.2,03/11/2015 12:00:00 AM
486,487.5,473.35,476.05,04/11/2015 12:00:00 AM
475.5,475.75,466.53,468.43,05/11/2015 12:00:00 AM
469,477,469,476.23,06/11/2015 12:00:00 AM
467.5,481.13,462.5,480,09/11/2015 12:00:00 AM
478.55,479.48,458.5,460.98,10/11/2015 12:00:00 AM
464,466.5,463.5,464.48,11/11/2015 12:00:00 AM
459,468.58,457.5,465.1,13/11/2015 12:00:00 AM
464.5,470.9,462.35,466.53,16/11/2015 12:00:00 AM
468.35,469.35,462.98,463.75,17/11/2015 12:00:00 AM
463.5,465.83,455,456.18,18/11/2015 12:00:00 AM
459.75,468.75,459,467.1,19/11/2015 12:00:00 AM
467.7,476.05,462.7,472.98,20/11/2015 12:00:00 AM
473.78,477.83,472.83,476.05,23/11/2015 12:00:00 AM
476.03,485.5,475.38,484,24/11/2015 12:00:00 AM
484.95,495.3,484.23,493.85,26/11/2015 12:00:00 AM
495,496,487.18,489.53,27/11/2015 12:00:00 AM
488.58,491.9,482,484,30/11/2015 12:00:00 AM
483.2,489.25,481,482.78,01/12/2015 12:00:00 AM
483.2,489.3,482.9,488.3,02/12/2015 12:00:00 AM
488.75,494.13,486.68,488.4,03/12/2015 12:00:00 AM
486.75,488,480.95,482.88,04/12/2015 12:00:00 AM
483.5,486.45,475.5,476.85,07/12/2015 12:00:00 AM
475.05,477,468.85,471.23,08/12/2015 12:00:00 AM
470,472.18,456.5,457.98,09/12/2015 12:00:00 AM
460.58,476.7,460.13,474.95,10/12/2015 12:00:00 AM
475.05,479.43,471.45,476.13,11/12/2015 12:00:00 AM
473.25,481.35,473.25,477.73,14/12/2015 12:00:00 AM
478,488.95,476.5,487.95,15/12/2015 12:00:00 AM
486.7,493.45,486.7,489,16/12/2015 12:00:00 AM
490.13,506.63,489,504.18,17/12/2015 12:00:00 AM
501.5,504.5,495.08,496.03,18/12/2015 12:00:00 AM
494.28,499.1,492.5,496.13,21/12/2015 12:00:00 AM
495.55,501.25,492,493.75,22/12/2015 12:00:00 AM
496.7,503,495.45,501.78,23/12/2015 12:00:00 AM
502.75,504,498.05,500.45,24/12/2015 12:00:00 AM
502,506.78,500.5,504.28,28/12/2015 12:00:00 AM
506.5,509.25,503.75,507.58,29/12/2015 12:00:00 AM
507.85,508.5,501.05,502.43,30/12/2015 12:00:00 AM
502,508.5,500,506.3,31/12/2015 12:00:00 AM
505,510,504.38,507.68,01/01/2016 12:00:00 AM
503,507.1,493.65,497.7,04/01/2016 12:00:00 AM
501,505,498.43,502.55,05/01/2016 12:00:00 AM
502.5,519,500.28,515.98,06/01/2016 12:00:00 AM
511.9,513.8,504.13,505.78,07/01/2016 12:00:00 AM
509.5,516.08,500.03,512.03,08/01/2016 12:00:00 AM
505.5,529.98,505.5,525.78,11/01/2016 12:00:00 AM
527,532.5,520.53,522.55,12/01/2016 12:00:00 AM
527.4,543.7,509.68,538.68,13/01/2016 12:00:00 AM
531.05,540.5,526.2,530.6,14/01/2016 12:00:00 AM
535,544.75,533,536.58,15/01/2016 12:00:00 AM
536.53,541.23,505.05,509,18/01/2016 12:00:00 AM
512.5,524.5,507.6,521.8,19/01/2016 12:00:00 AM
520.25,520.25,495.25,502.18,20/01/2016 12:00:00 AM
508.15,512.85,489.08,492.45,21/01/2016 12:00:00 AM
497.5,505.08,497.38,501.98,22/01/2016 12:00:00 AM
504.1,509.2,500.08,502.4,25/01/2016 12:00:00 AM
503.98,504.85,498.08,499.68,27/01/2016 12:00:00 AM
500,510.88,498.88,508.45,28/01/2016 12:00:00 AM
510,519.7,509.43,517.53,29/01/2016 12:00:00 AM
520,520.5,512.58,514.05,01/02/2016 12:00:00 AM
515.5,516,495.15,501,02/02/2016 12:00:00 AM
494.05,496.6,487.5,490.35,03/02/2016 12:00:00 AM
495,500,484,486.98,04/02/2016 12:00:00 AM
488.15,491,481.5,486.15,05/02/2016 12:00:00 AM
485.95,492.13,478.85,480.8,08/02/2016 12:00:00 AM
475.55,484.25,475.18,478.3,09/02/2016 12:00:00 AM
475.63,486.45,474.48,481.2,10/02/2016 12:00:00 AM
481.5,483,458.13,461.23,11/02/2016 12:00:00 AM
465.53,466.5,444.25,453.15,12/02/2016 12:00:00 AM
460.5,474.98,460,472.33,15/02/2016 12:00:00 AM
476.4,479,463.5,464.83,16/02/2016 12:00:00 AM
466.7,478,458.55,476.23,17/02/2016 12:00:00 AM
481,483.88,468.15,470.58,18/02/2016 12:00:00 AM
470.58,476.23,468.9,472.28,19/02/2016 12:00:00 AM
472.95,483.95,472.53,481.23,22/02/2016 12:00:00 AM
482,483.45,471.53,475.35,23/02/2016 12:00:00 AM
473.15,479.5,471.28,476.28,24/02/2016 12:00:00 AM
478.5,478.5,470.85,472.2,25/02/2016 12:00:00 AM
475,479.25,472.48,475.25,26/02/2016 12:00:00 AM
475.55,496.5,468.15,483.28,29/02/2016 12:00:00 AM
483.75,492.5,482.5,491.13,01/03/2016 12:00:00 AM
496.25,502.63,493.75,500.6,02/03/2016 12:00:00 AM
503.63,508.63,498.78,506.28,03/03/2016 12:00:00 AM
508.5,509,501.88,503.25,04/03/2016 12:00:00 AM
503,515.5,503,513.58,08/03/2016 12:00:00 AM
509.5,522,508.68,520.98,09/03/2016 12:00:00 AM
521.85,522.5,504.5,506,10/03/2016 12:00:00 AM
508.25,514.75,505.65,507.83,11/03/2016 12:00:00 AM
509.08,513,506.5,509.28,14/03/2016 12:00:00 AM
510.5,513.48,508,510.2,15/03/2016 12:00:00 AM
510.5,512.85,502.7,510.88,16/03/2016 12:00:00 AM
514,518.2,506.2,507.78,17/03/2016 12:00:00 AM
509.5,514.2,508.13,512.6,18/03/2016 12:00:00 AM
513.6,519.5,511.75,518.1,21/03/2016 12:00:00 AM
519.05,526.25,518.38,524.25,22/03/2016 12:00:00 AM
523.5,523.5,511.5,514.68,23/03/2016 12:00:00 AM
514.5,515.98,507.75,510.25,28/03/2016 12:00:00 AM
511.53,520.45,511.2,517.7,29/03/2016 12:00:00 AM
520.18,525.45,520.13,522.45,30/03/2016 12:00:00 AM
521.5,527.98,517.05,522.63,31/03/2016 12:00:00 AM
519.5,522.95,513.2,516.83,01/04/2016 12:00:00 AM
518.08,521.23,512.23,517.58,04/04/2016 12:00:00 AM
515,521,511.33,514.05,05/04/2016 12:00:00 AM
515.4,517.95,511.1,515.73,06/04/2016 12:00:00 AM
516,524,511.63,518.98,07/04/2016 12:00:00 AM
516.75,527,516.03,518.93,08/04/2016 12:00:00 AM
517.6,522.5,516.65,519.93,11/04/2016 12:00:00 AM
520.15,528.5,519.3,523.58,12/04/2016 12:00:00 AM
526,534.15,526,532.73,13/04/2016 12:00:00 AM
532.73,532.85,527.5,530.88,18/04/2016 12:00:00 AM
534.1,535,517.68,519.15,20/04/2016 12:00:00 AM
522.45,525.75,517.5,520.45,21/04/2016 12:00:00 AM
520.5,523.88,515.25,519.38,22/04/2016 12:00:00 AM
521.35,522.45,506.38,508.08,25/04/2016 12:00:00 AM
508.5,511.93,504,508.4,26/04/2016 12:00:00 AM
509.95,512.93,507.55,509.85,27/04/2016 12:00:00 AM
509.85,509.85,496,498.68,28/04/2016 12:00:00 AM
497.85,499.38,488.93,491.28,29/04/2016 12:00:00 AM
490.7,496.25,488.53,493.15,02/05/2016 12:00:00 AM
494.9,497.35,486.3,488.03,03/05/2016 12:00:00 AM
488,491.83,487.13,488.75,04/05/2016 12:00:00 AM
491.13,491.75,485.55,487.53,05/05/2016 12:00:00 AM
487.5,488.48,483.75,484.58,06/05/2016 12:00:00 AM
487.5,493,486.25,491.48,09/05/2016 12:00:00 AM
491,492.43,489.03,490.68,10/05/2016 12:00:00 AM
486.5,490.23,485.5,487.43,11/05/2016 12:00:00 AM
488.5,496.23,487.85,495.53,12/05/2016 12:00:00 AM
494,495.45,487.75,489,13/05/2016 12:00:00 AM
489.13,491.03,486,488.08,16/05/2016 12:00:00 AM
490,491.65,483.33,485.1,17/05/2016 12:00:00 AM
483.5,486.38,482.6,485.08,18/05/2016 12:00:00 AM
485.58,485.85,473.08,475.28,19/05/2016 12:00:00 AM
475.58,477.3,466.18,467.05,20/05/2016 12:00:00 AM
469.2,470,462.85,465,23/05/2016 12:00:00 AM
465.45,471.68,464.5,470.03,24/05/2016 12:00:00 AM
474.6,475.95,470.8,474.63,25/05/2016 12:00:00 AM
475.28,476.5,472.13,473.33,26/05/2016 12:00:00 AM
475.75,487.85,474.75,486.33,27/05/2016 12:00:00 AM
487.5,490.73,483,484.73,30/05/2016 12:00:00 AM
484.45,486.25,478.1,479.48,31/05/2016 12:00:00 AM
479.4,483.25,475.63,476.65,01/06/2016 12:00:00 AM
478.05,478.63,472.63,478,02/06/2016 12:00:00 AM
478.75,481.8,477.7,478.98,03/06/2016 12:00:00 AM
479.5,481.38,476.5,477.95,06/06/2016 12:00:00 AM
478,480.55,475.9,477.33,07/06/2016 12:00:00 AM
478.5,479,475.1,477.08,08/06/2016 12:00:00 AM
479.03,488.5,479,485.73,09/06/2016 12:00:00 AM
486.5,492.1,484.35,487.83,10/06/2016 12:00:00 AM
485,491.65,482,489.65,13/06/2016 12:00:00 AM
491,492.25,484.65,487.45,14/06/2016 12:00:00 AM
488.75,492.45,486.75,491.2,15/06/2016 12:00:00 AM
490.95,491.75,483.75,487.28,16/06/2016 12:00:00 AM
488.5,489.45,485,486.63,17/06/2016 12:00:00 AM
482.5,496.5,482.5,495.28,20/06/2016 12:00:00 AM
497.5,497.5,490.1,493.63,21/06/2016 12:00:00 AM
493.48,493.48,488.5,490.25,22/06/2016 12:00:00 AM
490,491.73,485,490.95,23/06/2016 12:00:00 AM
483,483,467.2,475.75,24/06/2016 12:00:00 AM
474.93,479.4,472,478.05,27/06/2016 12:00:00 AM
478.75,480.78,478,479.1,28/06/2016 12:00:00 AM
480.5,484.4,480.15,483.43,29/06/2016 12:00:00 AM
485.5,488.88,483.68,484.73,30/06/2016 12:00:00 AM
486.75,488.23,485.1,486.83,01/07/2016 12:00:00 AM
489,496.18,488.1,493.33,04/07/2016 12:00:00 AM
494.98,501.4,490.25,496.48,05/07/2016 12:00:00 AM
496.73,500,493.38,493.95,07/07/2016 12:00:00 AM
494,494.5,489.28,490.05,08/07/2016 12:00:00 AM
494.03,497.45,492.75,495.38,11/07/2016 12:00:00 AM
496.25,502.03,495.5,501.05,12/07/2016 12:00:00 AM
501.5,507.9,501,504.23,13/07/2016 12:00:00 AM
504,507.3,499.53,503.23,14/07/2016 12:00:00 AM
505,510.33,501.93,506.28,15/07/2016 12:00:00 AM
513.5,519.5,493.05,502.13,18/07/2016 12:00:00 AM
504,510.9,497.63,507.7,19/07/2016 12:00:00 AM
510,514.05,508.5,511.28,20/07/2016 12:00:00 AM
512,512.28,502.75,503.35,21/07/2016 12:00:00 AM
502.5,508.63,502.08,507.4,22/07/2016 12:00:00 AM
508,510.9,503.9,510.33,25/07/2016 12:00:00 AM
510.7,517.08,507.6,511.65,26/07/2016 12:00:00 AM
512.5,513.45,505,506.53,27/07/2016 12:00:00 AM
509.2,514.9,506.25,513.03,28/07/2016 12:00:00 AM
512.9,512.9,506.1,507.75,29/07/2016 12:00:00 AM
508.28,510.43,502.65,504.65,01/08/2016 12:00:00 AM
504.45,509.25,503.5,505.53,02/08/2016 12:00:00 AM
505.78,506.53,496,497.03,03/08/2016 12:00:00 AM
500,501,492.25,496.58,04/08/2016 12:00:00 AM
497.6,508.75,497.6,507.28,05/08/2016 12:00:00 AM
508.58,516.75,508.58,514.83,08/08/2016 12:00:00 AM
514.2,516.7,510.65,514.93,09/08/2016 12:00:00 AM
514.98,517.25,500.53,501.4,10/08/2016 12:00:00 AM
502,511,500.13,506.23,11/08/2016 12:00:00 AM
507.5,520.88,507.45,517.48,12/08/2016 12:00:00 AM
517.5,522,508,512.1,16/08/2016 12:00:00 AM
511.5,514.4,504.1,507,17/08/2016 12:00:00 AM
507.68,511.58,507.58,508.3,18/08/2016 12:00:00 AM
505.5,510.85,503.63,507.43,19/08/2016 12:00:00 AM
508.95,510.18,503.65,506.95,22/08/2016 12:00:00 AM
506.5,507.4,502.55,504.95,23/08/2016 12:00:00 AM
507.25,511.05,505.55,510.38,24/08/2016 12:00:00 AM
510.25,514.25,505,506.55,25/08/2016 12:00:00 AM
507.4,515,507.33,513.85,26/08/2016 12:00:00 AM
513.85,529.98,513.5,528.5,29/08/2016 12:00:00 AM
529.6,535,526.63,532.9,30/08/2016 12:00:00 AM
532.95,536.78,523.53,529,31/08/2016 12:00:00 AM
526.95,536.28,513.13,514.58,01/09/2016 12:00:00 AM
516,517.5,501.55,506.43,02/09/2016 12:00:00 AM
510,512.48,507,510.23,06/09/2016 12:00:00 AM
510.05,513.38,507,508.73,07/09/2016 12:00:00 AM
510.25,517.75,510,516.13,08/09/2016 12:00:00 AM
517,524.83,515.1,521.85,09/09/2016 12:00:00 AM
517,527.83,512.55,523.3,12/09/2016 12:00:00 AM
523,529,520.33,522.73,14/09/2016 12:00:00 AM
523.5,534,523.5,531.23,15/09/2016 12:00:00 AM
532.5,546.63,529.88,537.83,16/09/2016 12:00:00 AM
537.45,543.75,535.53,541.18,19/09/2016 12:00:00 AM
542.53,543,534.55,537.05,20/09/2016 12:00:00 AM
537,542.25,533.5,535.68,21/09/2016 12:00:00 AM
540,547.75,539.55,543.83,22/09/2016 12:00:00 AM
544,554.6,544,551.48,23/09/2016 12:00:00 AM
551.25,564.45,551,554.68,26/09/2016 12:00:00 AM
556.53,562.85,553.65,555.23,27/09/2016 12:00:00 AM
555,556.5,543.65,544.85,28/09/2016 12:00:00 AM
547.5,555,533.75,536.28,29/09/2016 12:00:00 AM
535,546.73,533.5,541.05,30/09/2016 12:00:00 AM
542.25,553.68,538.48,545.2,03/10/2016 12:00:00 AM
546.95,554,546,547.6,04/10/2016 12:00:00 AM
551.58,552.9,542.88,544.65,05/10/2016 12:00:00 AM
546,562.4,546,555.55,06/10/2016 12:00:00 AM
555.55,561.33,553.78,554.98,07/10/2016 12:00:00 AM
557.5,561,546.4,547.98,10/10/2016 12:00:00 AM
546.85,546.85,526.03,528.85,13/10/2016 12:00:00 AM
530.25,540.98,529,539.1,14/10/2016 12:00:00 AM
539.5,540.33,529,530.08,17/10/2016 12:00:00 AM
532,541,531.4,539.65,18/10/2016 12:00:00 AM
541.58,547.25,540.7,543.45,19/10/2016 12:00:00 AM
545.98,548.9,542.55,544.25,20/10/2016 12:00:00 AM
549.5,549.5,529.5,532.2,21/10/2016 12:00:00 AM
534,537,530.25,531.78,24/10/2016 12:00:00 AM
531.6,532.7,527.25,529.95,25/10/2016 12:00:00 AM
529,529.6,526,527.08,26/10/2016 12:00:00 AM
526.5,527,521.6,524.25,27/10/2016 12:00:00 AM
525,528,521.98,526.75,28/10/2016 12:00:00 AM
528.5,532.5,523.93,525.6,30/10/2016 12:00:00 AM
525.5,527.5,523.88,524.15,01/11/2016 12:00:00 AM
521,521.03,510.55,512.03,02/11/2016 12:00:00 AM
512.03,517.25,511.05,512.73,03/11/2016 12:00:00 AM
510.65,513.58,500.28,502.9,04/11/2016 12:00:00 AM
505.68,508.25,499.75,500.98,07/11/2016 12:00:00 AM
501.78,504.5,499.18,501.43,08/11/2016 12:00:00 AM
470,504.45,466,502.78,09/11/2016 12:00:00 AM
508.28,514.2,504.13,505,10/11/2016 12:00:00 AM
500,508.65,497.68,500.7,11/11/2016 12:00:00 AM
500.9,500.9,490.28,493.8,15/11/2016 12:00:00 AM
494.65,498.35,491,492.93,16/11/2016 12:00:00 AM
493.5,499,487.93,490.65,17/11/2016 12:00:00 AM
491.58,496.08,491.45,493.75,18/11/2016 12:00:00 AM
494,496.85,491.75,495.45,21/11/2016 12:00:00 AM
497.13,503.75,497.03,500.55,22/11/2016 12:00:00 AM
502.5,504.25,499.75,503.63,23/11/2016 12:00:00 AM
503.45,503.45,493,495.33,24/11/2016 12:00:00 AM
495.5,498,492.5,496.83,25/11/2016 12:00:00 AM
497.4,500.03,492,493.23,28/11/2016 12:00:00 AM
493.55,501.35,493.55,497.93,29/11/2016 12:00:00 AM
498.5,498.8,494,496.38,30/11/2016 12:00:00 AM
498.08,507.3,497.25,498.6,01/12/2016 12:00:00 AM
497.5,502.8,496.53,497.65,02/12/2016 12:00:00 AM
497,499.38,493.78,497.05,05/12/2016 12:00:00 AM
497.5,502.45,497.5,501.68,06/12/2016 12:00:00 AM
503.5,503.5,497.83,499.85,07/12/2016 12:00:00 AM
501.55,510.5,501.55,509.78,08/12/2016 12:00:00 AM
510.25,514.8,510.15,513.2,09/12/2016 12:00:00 AM
513.43,520,511.08,514.05,12/12/2016 12:00:00 AM
516,521,514.25,519.95,13/12/2016 12:00:00 AM
519.75,532.2,519.7,530,14/12/2016 12:00:00 AM
528.38,533.4,525.5,527.1,15/12/2016 12:00:00 AM
525,531,525,528.78,16/12/2016 12:00:00 AM
529,532.9,527.5,531.08,19/12/2016 12:00:00 AM
528.65,531,527,529.55,20/12/2016 12:00:00 AM
529.5,533.18,528.25,530.73,21/12/2016 12:00:00 AM
529.95,530.78,525.18,526.98,22/12/2016 12:00:00 AM
525.3,534.23,525.3,529.08,23/12/2016 12:00:00 AM
527.8,533,522.5,523.55,26/12/2016 12:00:00 AM
523.55,533.35,523.55,532.2,27/12/2016 12:00:00 AM
534,534.95,524.2,526.1,28/12/2016 12:00:00 AM
525.83,534.3,524.75,532.48,29/12/2016 12:00:00 AM
533.4,542.35,532,540.05,30/12/2016 12:00:00 AM
540.68,544.73,536.58,541.55,02/01/2017 12:00:00 AM
542.08,548.5,540.63,545.33,03/01/2017 12:00:00 AM
546.08,546.23,532.68,534.48,04/01/2017 12:00:00 AM
536.5,539.75,534.5,538.7,05/01/2017 12:00:00 AM
537.65,542.5,536.28,536.35,06/01/2017 12:00:00 AM
539.5,542.85,535.55,538.55,09/01/2017 12:00:00 AM
539.5,546,539.13,543.55,10/01/2017 12:00:00 AM
547.18,547.5,541,542.05,11/01/2017 12:00:00 AM
544.23,545,539.58,541.58,12/01/2017 12:00:00 AM
542.85,548.3,542.6,545.08,13/01/2017 12:00:00 AM
545.7,546.93,537,538.5,16/01/2017 12:00:00 AM
534.1,537.35,519,520.65,17/01/2017 12:00:00 AM
521.5,524.08,514.5,516.23,18/01/2017 12:00:00 AM
516.68,522.33,515.5,516.88,19/01/2017 12:00:00 AM
516.5,518.85,512.2,512.85,20/01/2017 12:00:00 AM
512,515.5,507.03,507.98,23/01/2017 12:00:00 AM
510,515,509.3,513.78,24/01/2017 12:00:00 AM
517.5,517.5,508.05,508.35,25/01/2017 12:00:00 AM
509.85,514.48,509.5,512.58,27/01/2017 12:00:00 AM
512.58,522.9,512.45,522.08,30/01/2017 12:00:00 AM
523.5,526.95,520.38,521.7,31/01/2017 12:00:00 AM
522.6,525.43,517.35,524.6,01/02/2017 12:00:00 AM
523.53,525,519.28,522.38,02/02/2017 12:00:00 AM
522.38,525.05,515.53,516.85,03/02/2017 12:00:00 AM
518.03,521.95,516.25,520.05,06/02/2017 12:00:00 AM
520.15,520.38,513.8,515.35,07/02/2017 12:00:00 AM
515.58,519.23,511.5,512.83,08/02/2017 12:00:00 AM
513,517.23,513,516.35,09/02/2017 12:00:00 AM
517.5,517.95,512.98,515.15,10/02/2017 12:00:00 AM
517,517.5,511,514.18,13/02/2017 12:00:00 AM
516.68,526.25,515.6,524.13,14/02/2017 12:00:00 AM
526.5,528.75,523.03,525.45,15/02/2017 12:00:00 AM
526,533.5,526,532.48,16/02/2017 12:00:00 AM
533,538.95,529.5,537.68,17/02/2017 12:00:00 AM
535,538.5,533.13,536.85,20/02/2017 12:00:00 AM
536.15,545.28,536.15,544.13,21/02/2017 12:00:00 AM
546.03,606,546.03,603.83,22/02/2017 12:00:00 AM
606.95,611.15,589.6,591.3,23/02/2017 12:00:00 AM
593.5,628.25,593.5,619.3,27/02/2017 12:00:00 AM
618.9,623.93,614.28,619.13,28/02/2017 12:00:00 AM
621,622.45,615.13,617.08,01/03/2017 12:00:00 AM
618,627,612.83,616.63,02/03/2017 12:00:00 AM
618.5,643.9,618.5,629.23,03/03/2017 12:00:00 AM
634,654.95,632.73,652.45,06/03/2017 12:00:00 AM
658.08,663.38,648.3,652.4,07/03/2017 12:00:00 AM
653.53,655,643,645.95,08/03/2017 12:00:00 AM
644.9,649,640.85,643.68,09/03/2017 12:00:00 AM
646.98,648.25,630.75,640.7,10/03/2017 12:00:00 AM
657.98,659.55,642.63,644.7,14/03/2017 12:00:00 AM
644.7,658,641.63,652.2,15/03/2017 12:00:00 AM
655.5,655.5,647.3,648.68,16/03/2017 12:00:00 AM
652.5,659.93,649.28,650.33,17/03/2017 12:00:00 AM
650.5,652.5,638.58,640.18,20/03/2017 12:00:00 AM
642.8,642.8,629.85,631.9,21/03/2017 12:00:00 AM
627.35,633,623.78,629.75,22/03/2017 12:00:00 AM
633.45,638.88,629.13,637.05,23/03/2017 12:00:00 AM
637.05,645.83,634.2,643.1,24/03/2017 12:00:00 AM
633.78,639.25,623.55,625.38,27/03/2017 12:00:00 AM
627.53,631.68,618.5,622.83,28/03/2017 12:00:00 AM
625.03,630,617.05,627.35,29/03/2017 12:00:00 AM
627.5,636.4,627.03,634.68,30/03/2017 12:00:00 AM
635,668,634.48,659.6,31/03/2017 12:00:00 AM
666,690,666,685.6,03/04/2017 12:00:00 AM
694,708.98,690.4,707.45,05/04/2017 12:00:00 AM
704.85,724.25,701.35,719.18,06/04/2017 12:00:00 AM
712.05,716.88,701.33,702.78,07/04/2017 12:00:00 AM
708,712.35,689,690.53,10/04/2017 12:00:00 AM
693,700.15,685.5,687.05,11/04/2017 12:00:00 AM
694.4,694.4,675.53,677.08,12/04/2017 12:00:00 AM
676,686.5,674,682.18,13/04/2017 12:00:00 AM
683.85,697.13,682.5,695.5,17/04/2017 12:00:00 AM
697.75,705,684.18,685.23,18/04/2017 12:00:00 AM
685.5,691.35,679.13,684.93,19/04/2017 12:00:00 AM
688.25,693.45,682.75,684.7,20/04/2017 12:00:00 AM
687.6,710,686.53,699.88,21/04/2017 12:00:00 AM
705,716.88,700.05,708.2,24/04/2017 12:00:00 AM
729.85,732.5,713.83,716.25,25/04/2017 12:00:00 AM
717.55,720,701.58,708.18,26/04/2017 12:00:00 AM
710,712.35,701.38,704.03,27/04/2017 12:00:00 AM
704.53,710.4,695.25,697.4,28/04/2017 12:00:00 AM
700.05,701,683.38,685.45,02/05/2017 12:00:00 AM
687.63,690.25,682.5,685.13,03/05/2017 12:00:00 AM
686.55,689.75,677.33,679.38,04/05/2017 12:00:00 AM
680.5,683.83,662.53,664.3,05/05/2017 12:00:00 AM
664.3,669.8,660,660.98,08/05/2017 12:00:00 AM
661.5,666.5,660.5,665.3,09/05/2017 12:00:00 AM
666.5,681.5,665.73,679.75,10/05/2017 12:00:00 AM
680.8,687.48,676.13,678.35,11/05/2017 12:00:00 AM
681.95,681.95,672.1,675.43,12/05/2017 12:00:00 AM
677.25,678.03,667.25,671.83,15/05/2017 12:00:00 AM
672.5,688.5,670.9,678.2,16/05/2017 12:00:00 AM
678,682.43,674.03,676.2,17/05/2017 12:00:00 AM
673.4,676,661.65,663.53,18/05/2017 12:00:00 AM
669.5,669.5,655.55,659.25,19/05/2017 12:00:00 AM
661.28,666.68,657.53,661.88,22/05/2017 12:00:00 AM
662,665.13,650.75,652.2,23/05/2017 12:00:00 AM
652.83,656.75,647.5,648.5,24/05/2017 12:00:00 AM
650,655.88,648.9,651.45,25/05/2017 12:00:00 AM
651,672.03,650.5,667.9,26/05/2017 12:00:00 AM
668.65,682.95,668,678.28,29/05/2017 12:00:00 AM
678.28,682.15,674.5,679.43,30/05/2017 12:00:00 AM
684,684,668,670.3,31/05/2017 12:00:00 AM
669,669.98,661.53,664.25,01/06/2017 12:00:00 AM
665.03,669.4,658.3,662.38,02/06/2017 12:00:00 AM
662.5,670.25,657.88,664.45,05/06/2017 12:00:00 AM
669.45,669.45,655.45,656.7,06/06/2017 12:00:00 AM
656.4,671.6,654.3,669.6,07/06/2017 12:00:00 AM
670,672.5,664.05,664.95,08/06/2017 12:00:00 AM
672,676,665,667.75,09/06/2017 12:00:00 AM
664.75,664.98,658.75,659.68,12/06/2017 12:00:00 AM
658,663.5,654.5,656.3,13/06/2017 12:00:00 AM
659,678.75,657.88,677.95,14/06/2017 12:00:00 AM
681,697.13,680,692.25,15/06/2017 12:00:00 AM
694.4,697.5,685.05,693.93,16/06/2017 12:00:00 AM
695.95,707.5,695.5,704.58,19/06/2017 12:00:00 AM
707.5,711.3,704.03,706.13,20/06/2017 12:00:00 AM
705,713.5,702.8,709.05,21/06/2017 12:00:00 AM
715,722,714.33,716.58,22/06/2017 12:00:00 AM
719.5,720.85,715.45,717.5,23/06/2017 12:00:00 AM
716,720.03,712.5,717.95,27/06/2017 12:00:00 AM
719.15,720,698.08,699.25,28/06/2017 12:00:00 AM
706,709,695.15,696.45,29/06/2017 12:00:00 AM
696.45,697.1,687.55,690.13,30/06/2017 12:00:00 AM
694,697,686.05,692.05,03/07/2017 12:00:00 AM
693.75,712.75,693.75,711.35,04/07/2017 12:00:00 AM
713.6,722.95,713.5,719.9,05/07/2017 12:00:00 AM
722.65,724.98,718.68,720.7,06/07/2017 12:00:00 AM
719,748.5,719,745.4,07/07/2017 12:00:00 AM
746,754,743.5,746.23,10/07/2017 12:00:00 AM
750,752,743.53,747.6,11/07/2017 12:00:00 AM
749.4,762.25,748,755.25,12/07/2017 12:00:00 AM
755,761.8,753.35,759.43,13/07/2017 12:00:00 AM
761,767,757.63,765.53,14/07/2017 12:00:00 AM
767.15,779.4,767.15,775.68,17/07/2017 12:00:00 AM
774.2,775.75,756,759.95,18/07/2017 12:00:00 AM
759.85,770.4,757.5,766.75,19/07/2017 12:00:00 AM
770,774.93,760.53,764.35,20/07/2017 12:00:00 AM
777,796.1,772.2,793.1,21/07/2017 12:00:00 AM
802,812.4,793.1,808.05,24/07/2017 12:00:00 AM
813.35,814.5,800,801.68,25/07/2017 12:00:00 AM
805,814.98,801,810.95,26/07/2017 12:00:00 AM
814.98,815.55,795.5,799.18,27/07/2017 12:00:00 AM
798.5,802.5,789.5,797.13,28/07/2017 12:00:00 AM
800.03,809,798,806.93,31/07/2017 12:00:00 AM
811.93,812.5,795.8,801.78,01/08/2017 12:00:00 AM
804.3,818,802.5,814.55,02/08/2017 12:00:00 AM
814.95,832.5,808.45,825.78,03/08/2017 12:00:00 AM
830.28,831.6,807.78,811.25,04/08/2017 12:00:00 AM
814.8,816,806.4,808.3,07/08/2017 12:00:00 AM
810,810.5,794.13,801.7,08/08/2017 12:00:00 AM
800,809.95,792.88,799.43,09/08/2017 12:00:00 AM
798.98,803.43,788.65,792.03,10/08/2017 12:00:00 AM
777.45,789,767.75,773.28,11/08/2017 12:00:00 AM
778.25,792.5,778.25,786.58,14/08/2017 12:00:00 AM
785.5,789,775.28,783.48,16/08/2017 12:00:00 AM
785.85,798.43,780.05,783.03,17/08/2017 12:00:00 AM
783,789.75,776.83,787.7,18/08/2017 12:00:00 AM
788.53,792.55,781.5,782.9,21/08/2017 12:00:00 AM
787,789.75,779,781.68,22/08/2017 12:00:00 AM
783.5,792.5,777,790.65,23/08/2017 12:00:00 AM
795.85,796.1,782.3,783.7,24/08/2017 12:00:00 AM
789.5,791.13,780.85,782.9,28/08/2017 12:00:00 AM
780,783.4,765,765.88,29/08/2017 12:00:00 AM
772.5,784.3,771.8,782.08,30/08/2017 12:00:00 AM
785.15,798.75,785.15,796.75,31/08/2017 12:00:00 AM
800.9,807.98,799.1,804.68,01/09/2017 12:00:00 AM
807.5,817.88,798.1,805.68,04/09/2017 12:00:00 AM
809.5,817.45,809.5,816.5,05/09/2017 12:00:00 AM
815.7,826.2,812.5,822.3,06/09/2017 12:00:00 AM
824,832.7,816.5,818.9,07/09/2017 12:00:00 AM
820.1,823.6,812.8,817.15,08/09/2017 12:00:00 AM
820.4,827,816.05,818.1,11/09/2017 12:00:00 AM
822.1,824.6,817.45,823.3,12/09/2017 12:00:00 AM
824,859.25,822.5,849.1,13/09/2017 12:00:00 AM
857,861.4,842,844.2,14/09/2017 12:00:00 AM
842.1,852.15,835.4,843.4,15/09/2017 12:00:00 AM
847,851.3,843.1,845.4,18/09/2017 12:00:00 AM
849,849,837.55,840,19/09/2017 12:00:00 AM
856.25,872.1,845,847.1,20/09/2017 12:00:00 AM
848,851.4,837,841.3,21/09/2017 12:00:00 AM
840.7,840.7,814,817.5,22/09/2017 12:00:00 AM
817.9,827.7,805.3,820.45,25/09/2017 12:00:00 AM
820.5,827,812.5,819.2,26/09/2017 12:00:00 AM
827.5,827.5,795.5,798.6,27/09/2017 12:00:00 AM
800,802.5,781.15,786.75,28/09/2017 12:00:00 AM
791,793.5,780,782.15,29/09/2017 12:00:00 AM
792.35,803.7,786.25,798.35,03/10/2017 12:00:00 AM
798.35,824.95,795.5,819.2,04/10/2017 12:00:00 AM
825,828.25,818.75,824.2,05/10/2017 12:00:00 AM
824.9,838.9,822.65,836.85,06/10/2017 12:00:00 AM
836.85,838,828.25,830.75,09/10/2017 12:00:00 AM
831,846.9,830.75,843.4,10/10/2017 12:00:00 AM
845,857.9,836.3,840.4,11/10/2017 12:00:00 AM
841,876.2,841,872.5,12/10/2017 12:00:00 AM
880,891,874.25,876.7,13/10/2017 12:00:00 AM
879.9,891.7,861.75,875.2,16/10/2017 12:00:00 AM
878.9,883.95,867.3,874.25,17/10/2017 12:00:00 AM
875.55,917,875.15,913.75,18/10/2017 12:00:00 AM
916.7,921.75,903.25,910.35,19/10/2017 12:00:00 AM
911.15,943.45,909.9,938.1,23/10/2017 12:00:00 AM
947.1,947.1,928.3,934.75,24/10/2017 12:00:00 AM
940,945.75,930,939.95,25/10/2017 12:00:00 AM
938.35,958.2,931.5,947.25,26/10/2017 12:00:00 AM
950.1,956.5,926.4,929.45,27/10/2017 12:00:00 AM
931,945,931,940.15,30/10/2017 12:00:00 AM
943,945,932.1,940.8,31/10/2017 12:00:00 AM
946,957.4,945.9,952.3,01/11/2017 12:00:00 AM
954,956.9,944.2,947.1,02/11/2017 12:00:00 AM
953.3,953.3,940.5,945.6,03/11/2017 12:00:00 AM
944,945,929,934.45,06/11/2017 12:00:00 AM
934.45,935,903.15,906.65,07/11/2017 12:00:00 AM
907,908.9,885.1,888.25,08/11/2017 12:00:00 AM
895.1,909.1,892,901.55,09/11/2017 12:00:00 AM
900,901,880.35,883.5,10/11/2017 12:00:00 AM
883.5,891.35,873,875.15,13/11/2017 12:00:00 AM
875,894.5,873,886.2,14/11/2017 12:00:00 AM
886,889.85,878,882.4,15/11/2017 12:00:00 AM
882.5,905,882.5,902.45,16/11/2017 12:00:00 AM
917.6,924.75,907.1,909.7,17/11/2017 12:00:00 AM
910,924,905.25,918.85,20/11/2017 12:00:00 AM
925,939.7,924,932.4,21/11/2017 12:00:00 AM
937.05,938.7,924.55,930.25,22/11/2017 12:00:00 AM
925.65,948,925.65,945.15,23/11/2017 12:00:00 AM
948,959,946.65,949.5,24/11/2017 12:00:00 AM
948,955.75,943.5,950.7,27/11/2017 12:00:00 AM
949.45,950.95,938.25,942.95,28/11/2017 12:00:00 AM
942.95,949.8,938,945.45,29/11/2017 12:00:00 AM
940,952,920,922.6,30/11/2017 12:00:00 AM
925,931.1,908,909.85,01/12/2017 12:00:00 AM
915.75,917.9,898,901.5,04/12/2017 12:00:00 AM
900.35,918.9,895.9,911.5,05/12/2017 12:00:00 AM
913.8,930.5,909.2,927.5,06/12/2017 12:00:00 AM
927.1,933.95,922.8,930.65,07/12/2017 12:00:00 AM
937,937,919.65,920.95,08/12/2017 12:00:00 AM
920.8,925.45,913.5,915.9,11/12/2017 12:00:00 AM
913.5,928.95,907.9,915.05,12/12/2017 12:00:00 AM
919.75,924.3,912,914,13/12/2017 12:00:00 AM
920,925,909,920.55,14/12/2017 12:00:00 AM
929.2,933,917.5,919.9,15/12/2017 12:00:00 AM
917,931.25,861.7,919.4,18/12/2017 12:00:00 AM
921.5,926.9,920.05,924,19/12/2017 12:00:00 AM
925,927,917,918.75,20/12/2017 12:00:00 AM
920,923.2,911.1,913.05,21/12/2017 12:00:00 AM
916,922,910.2,918.5,22/12/2017 12:00:00 AM
923,936.6,918.6,928,26/12/2017 12:00:00 AM
930.15,936.75,918.35,922.3,27/12/2017 12:00:00 AM
923.2,934.2,918.65,924.4,28/12/2017 12:00:00 AM
925.9,932.25,918.1,921.05,29/12/2017 12:00:00 AM
922,923,909.7,911.55,01/01/2018 12:00:00 AM
915,919.2,907.25,911.4,02/01/2018 12:00:00 AM
924.45,927.2,913.3,916.35,03/01/2018 12:00:00 AM
919,921.8,916,920.25,04/01/2018 12:00:00 AM
920.5,925.85,919.45,923,05/01/2018 12:00:00 AM
924.1,930.2,923.6,928.45,08/01/2018 12:00:00 AM
929.05,943.95,924,940.9,09/01/2018 12:00:00 AM
945,946.75,935.4,941.5,10/01/2018 12:00:00 AM
941.75,942.75,935,937.2,11/01/2018 12:00:00 AM
942,951.85,938.1,946.75,12/01/2018 12:00:00 AM
950.2,957.55,945.2,947.6,15/01/2018 12:00:00 AM
949,949,920,923.5,16/01/2018 12:00:00 AM
925,928.65,908,924.65,17/01/2018 12:00:00 AM
930,930,911,919.3,18/01/2018 12:00:00 AM
922,932.35,922,929.35,19/01/2018 12:00:00 AM
948.5,974.5,940.1,971.2,22/01/2018 12:00:00 AM
975,990,975,981.7,23/01/2018 12:00:00 AM
981.9,981.9,960.5,964.55,24/01/2018 12:00:00 AM
970,971.45,957.25,964.55,25/01/2018 12:00:00 AM
966,976.55,960.1,963.8,29/01/2018 12:00:00 AM
964,964.3,945.55,949.25,30/01/2018 12:00:00 AM
950,964.9,942,961.15,31/01/2018 12:00:00 AM
964.4,971.25,938.2,944.1,01/02/2018 12:00:00 AM
938.7,943.25,903,905.7,02/02/2018 12:00:00 AM
895.8,912,882.7,904.45,05/02/2018 12:00:00 AM
880,897.95,872.1,892.75,06/02/2018 12:00:00 AM
900.55,905.5,890.55,894,07/02/2018 12:00:00 AM
896.35,910,892.05,903.6,08/02/2018 12:00:00 AM
891.95,902.25,886.5,897.95,09/02/2018 12:00:00 AM
901.1,918,901.1,914.7,12/02/2018 12:00:00 AM
921.65,941.5,920.8,932.4,14/02/2018 12:00:00 AM
936.05,945,928.3,934.05,15/02/2018 12:00:00 AM
937.35,942,918.65,921.7,16/02/2018 12:00:00 AM
920.3,930.6,914.4,925.85,19/02/2018 12:00:00 AM
928,930,916,919.4,20/02/2018 12:00:00 AM
927,931,922,928.35,21/02/2018 12:00:00 AM
923.15,930.75,920,923.9,22/02/2018 12:00:00 AM
924.2,937,923.75,934,23/02/2018 12:00:00 AM
936.1,944.75,936.1,938.6,26/02/2018 12:00:00 AM
939,955.5,938.6,949.95,27/02/2018 12:00:00 AM
944.5,954.9,937,952.45,28/02/2018 12:00:00 AM
950.85,958.8,946,947.7,01/03/2018 12:00:00 AM
944.5,949.9,922,924.2,05/03/2018 12:00:00 AM
929.7,936,903.15,910.9,06/03/2018 12:00:00 AM
908.6,909.3,888.3,891.55,07/03/2018 12:00:00 AM
899.7,913.9,894.3,911.6,08/03/2018 12:00:00 AM
915,919,910,912.05,09/03/2018 12:00:00 AM
918.9,933,916.2,929.35,12/03/2018 12:00:00 AM
929.35,935.35,921.6,930.6,13/03/2018 12:00:00 AM
926.55,931.2,919.55,928.6,14/03/2018 12:00:00 AM
928.7,928.7,910,912.25,15/03/2018 12:00:00 AM
910,910,886.4,900.5,16/03/2018 12:00:00 AM
903.8,906.1,892.35,895.3,19/03/2018 12:00:00 AM
899.1,903.6,887,889.55,20/03/2018 12:00:00 AM
895.8,901.95,892,896.35,21/03/2018 12:00:00 AM
896.5,910.6,895.2,907.3,22/03/2018 12:00:00 AM
893.4,899.7,890,892.85,23/03/2018 12:00:00 AM
892.85,904.5,892,901.05,26/03/2018 12:00:00 AM
905.05,910.05,897.5,899.95,27/03/2018 12:00:00 AM
895.05,896,881,882.8,28/03/2018 12:00:00 AM
890.5,901.2,886.4,892.7,02/04/2018 12:00:00 AM
890,901,886.1,898.8,03/04/2018 12:00:00 AM
905.5,911.15,892.35,895.1,04/04/2018 12:00:00 AM
902.55,910,902.55,906.75,05/04/2018 12:00:00 AM
909.9,917.2,905,909.75,06/04/2018 12:00:00 AM
912.95,917.75,911.4,916.05,09/04/2018 12:00:00 AM
918,922.45,913.35,916.45,10/04/2018 12:00:00 AM
920.1,931,916.65,929.05,11/04/2018 12:00:00 AM
930,935.3,923.1,927.55,12/04/2018 12:00:00 AM
931.15,941.4,929.1,938.85,13/04/2018 12:00:00 AM
935,939.9,928.3,937.25,16/04/2018 12:00:00 AM
938.25,947.5,936.1,943.7,17/04/2018 12:00:00 AM
945,948.25,934,937,18/04/2018 12:00:00 AM
938.2,943.95,935.1,941.25,19/04/2018 12:00:00 AM
939,941.6,921.45,928.05,20/04/2018 12:00:00 AM
927.3,942.95,926,935.15,23/04/2018 12:00:00 AM
937.7,974.5,935,969.75,24/04/2018 12:00:00 AM
972.55,981.45,964.5,970.7,25/04/2018 12:00:00 AM
972,988,963.4,975.35,26/04/2018 12:00:00 AM
988.25,1010.7,988.25,994.75,27/04/2018 12:00:00 AM
984.7,992,961,963.1,30/04/2018 12:00:00 AM
968.8,978.2,966.25,973,02/05/2018 12:00:00 AM
977,978.8,959.3,962.6,03/05/2018 12:00:00 AM
963.95,964.5,949.65,953.9,04/05/2018 12:00:00 AM
958,974,956.5,971.85,07/05/2018 12:00:00 AM
973.55,982,965.15,967.65,08/05/2018 12:00:00 AM
967.65,982.65,962,975.3,09/05/2018 12:00:00 AM
977.1,984,974.5,980.7,10/05/2018 12:00:00 AM
982.8,990.15,977.25,988.5,11/05/2018 12:00:00 AM
993.9,993.9,976.4,984.85,14/05/2018 12:00:00 AM
980,999.3,977,979.35,15/05/2018 12:00:00 AM
976.3,976.3,954.4,956.45,16/05/2018 12:00:00 AM
959.9,960.7,942.5,945.15,17/05/2018 12:00:00 AM
946,953.55,931.5,933.4,18/05/2018 12:00:00 AM
932,935.4,922,931.95,21/05/2018 12:00:00 AM
933,934.2,924.5,926.9,22/05/2018 12:00:00 AM
927,927.1,909.05,912.25,23/05/2018 12:00:00 AM
916.7,920.95,910.85,916.05,24/05/2018 12:00:00 AM
918.05,924.25,915.6,921.75,25/05/2018 12:00:00 AM
923.55,927.15,918.95,921,28/05/2018 12:00:00 AM
920.05,927.9,914.15,917,29/05/2018 12:00:00 AM
914,922.8,907.1,917.35,30/05/2018 12:00:00 AM
919.35,924,916.5,921.3,31/05/2018 12:00:00 AM
921.3,934.9,919.1,929.2,01/06/2018 12:00:00 AM
934.8,943.75,932,939.35,04/06/2018 12:00:00 AM
941.25,955,941.2,947.85,05/06/2018 12:00:00 AM
948.9,955.4,942.55,953.4,06/06/2018 12:00:00 AM
955,975.6,955,971.4,07/06/2018 12:00:00 AM
968.9,986.5,960.55,983.4,08/06/2018 12:00:00 AM
984.35,999.5,978.2,982.45,11/06/2018 12:00:00 AM
982.2,998,980.45,995.4,12/06/2018 12:00:00 AM
999,1004.9,990,1002.1,13/06/2018 12:00:00 AM
996.2,1011.7,988.2,1007.5,14/06/2018 12:00:00 AM
1007.5,1023.5,999.75,1013.85,15/06/2018 12:00:00 AM
1010.8,1018.6,1007.7,1015,18/06/2018 12:00:00 AM
1015,1015,993.05,995.65,19/06/2018 12:00:00 AM
996.5,1021.75,996,1019.95,20/06/2018 12:00:00 AM
1023,1035.8,1020.4,1032.35,21/06/2018 12:00:00 AM
1030,1030,1008.6,1012.3,22/06/2018 12:00:00 AM
1017,1017,1001.95,1003.55,25/06/2018 12:00:00 AM
1003.6,1005.05,975.5,978.7,26/06/2018 12:00:00 AM
980,985.75,960.5,965.3,27/06/2018 12:00:00 AM
965.05,969,941.35,944.7,28/06/2018 12:00:00 AM
952,977.75,949.7,972.95,29/06/2018 12:00:00 AM
973,973.5,957.55,961.05,02/07/2018 12:00:00 AM
964,978.25,961,971.6,03/07/2018 12:00:00 AM
974.8,992,972,990.05,04/07/2018 12:00:00 AM
998.7,1008.5,960.1,965,05/07/2018 12:00:00 AM
965.9,982.45,964.8,976.5,06/07/2018 12:00:00 AM
985.5,998.7,983.3,995.65,09/07/2018 12:00:00 AM
1001.5,1028.5,1001.5,1025.75,10/07/2018 12:00:00 AM
1025,1038.7,1017,1036.35,11/07/2018 12:00:00 AM
1043.15,1098.8,1043.15,1082.2,12/07/2018 12:00:00 AM
1082.9,1107.25,1080.9,1096.75,13/07/2018 12:00:00 AM
1098.05,1108.5,1073,1076.15,16/07/2018 12:00:00 AM
1079,1095,1069.15,1091.7,17/07/2018 12:00:00 AM
1097.9,1104.5,1079,1090.55,18/07/2018 12:00:00 AM
1095,1114,1086.8,1103.9,19/07/2018 12:00:00 AM
1110.5,1138.25,1110.5,1128.55,20/07/2018 12:00:00 AM
1129.7,1130,1114,1120.15,23/07/2018 12:00:00 AM
1122,1126.1,1107.65,1110.55,24/07/2018 12:00:00 AM
1112.25,1122.3,1104.55,1114.05,25/07/2018 12:00:00 AM
1113,1121,1107.7,1110.35,26/07/2018 12:00:00 AM
1117.2,1137,1112.8,1129.6,27/07/2018 12:00:00 AM
1136,1157.55,1126.6,1149.7,30/07/2018 12:00:00 AM
1150,1190,1145,1185.85,31/07/2018 12:00:00 AM
1195,1202.95,1185.95,1191.15,01/08/2018 12:00:00 AM
1192.35,1194.5,1166,1168.35,02/08/2018 12:00:00 AM
1175,1183.85,1169.5,1176.75,03/08/2018 12:00:00 AM
1180,1196,1174.85,1191.5,06/08/2018 12:00:00 AM
1196,1200,1178.3,1183.55,07/08/2018 12:00:00 AM
1188.4,1222,1186,1217.25,08/08/2018 12:00:00 AM
1220,1231.5,1212,1217.95,09/08/2018 12:00:00 AM
1215,1215.3,1201.95,1204,10/08/2018 12:00:00 AM
1203,1203,1183.05,1187.15,13/08/2018 12:00:00 AM
1187.2,1216.4,1185.25,1210.95,14/08/2018 12:00:00 AM
1206.4,1215.7,1196.25,1200.2,16/08/2018 12:00:00 AM
1206,1215,1200.25,1203.45,17/08/2018 12:00:00 AM
1206.5,1238.05,1206.5,1234.9,20/08/2018 12:00:00 AM
1236,1251,1227.15,1246.5,21/08/2018 12:00:00 AM
1244,1273.55,1238.6,1269.7,23/08/2018 12:00:00 AM
1265,1280,1260.9,1278.05,24/08/2018 12:00:00 AM
1280.05,1296.2,1280,1291.6,27/08/2018 12:00:00 AM
1298.75,1323,1295.5,1318.2,28/08/2018 12:00:00 AM
1319,1328.75,1290.3,1294.45,29/08/2018 12:00:00 AM
1300,1300,1270.45,1274.1,30/08/2018 12:00:00 AM
1273.8,1273.8,1237.05,1240.95,31/08/2018 12:00:00 AM
1249,1258,1227.5,1230.4,03/09/2018 12:00:00 AM
1235,1254.75,1230,1242.35,04/09/2018 12:00:00 AM
1245,1252.45,1210,1225.8,05/09/2018 12:00:00 AM
1230,1263.8,1226,1260.15,06/09/2018 12:00:00 AM
1267.7,1279.9,1254.85,1276.75,07/09/2018 12:00:00 AM
1275,1276.75,1251.55,1257.15,10/09/2018 12:00:00 AM
1260,1267.75,1235,1238.45,11/09/2018 12:00:00 AM
1244.45,1257.65,1229.85,1252.7,12/09/2018 12:00:00 AM
1261,1275,1248.55,1252.8,14/09/2018 12:00:00 AM
1251.9,1251.9,1220.5,1226.25,17/09/2018 12:00:00 AM
1224,1238.9,1214.25,1217.2,18/09/2018 12:00:00 AM
1225,1227,1201.2,1210.3,19/09/2018 12:00:00 AM
1220.05,1237.1,1183.2,1216.85,21/09/2018 12:00:00 AM
1216,1239.9,1204.25,1232.3,24/09/2018 12:00:00 AM
1233.3,1244.9,1195.75,1230.6,25/09/2018 12:00:00 AM
1235.2,1254.1,1226.8,1251.75,26/09/2018 12:00:00 AM
1259.8,1263.25,1238.6,1252.9,27/09/2018 12:00:00 AM
1260,1271.1,1247.65,1258.2,28/09/2018 12:00:00 AM
1258.2,1260,1204.3,1231.55,01/10/2018 12:00:00 AM
1233.1,1239.75,1198.7,1205.3,03/10/2018 12:00:00 AM
1199,1199,1105.05,1120.55,04/10/2018 12:00:00 AM
1102.6,1115.55,1039.55,1049.85,05/10/2018 12:00:00 AM
1048.85,1115.35,1025.2,1107.95,08/10/2018 12:00:00 AM
1121.1,1123.5,1080.75,1090.4,09/10/2018 12:00:00 AM
1095,1114.7,1085.1,1102.35,10/10/2018 12:00:00 AM
1067.8,1114.4,1043.05,1089.2,11/10/2018 12:00:00 AM
1102.5,1129,1102,1126.4,12/10/2018 12:00:00 AM
1133.3,1146.35,1119.25,1139.8,15/10/2018 12:00:00 AM
1146.15,1168,1140.8,1163.65,16/10/2018 12:00:00 AM
1180,1180.95,1141,1148.9,17/10/2018 12:00:00 AM
1103.9,1110,1073.15,1101.65,19/10/2018 12:00:00 AM
1111,1114.8,1057.35,1062.45,22/10/2018 12:00:00 AM
1053,1064.5,1043.7,1052.6,23/10/2018 12:00:00 AM
1074,1074.95,1031,1046.6,24/10/2018 12:00:00 AM
1036,1040.05,1017,1030.2,25/10/2018 12:00:00 AM
1040,1056.75,1022.15,1044.7,26/10/2018 12:00:00 AM
1047.7,1093.15,1047,1088,29/10/2018 12:00:00 AM
1087.45,1087.45,1052,1057.15,30/10/2018 12:00:00 AM
1064.7,1065.7,1047.65,1061.4,31/10/2018 12:00:00 AM
1066.4,1068.8,1050.3,1056.9,01/11/2018 12:00:00 AM
1067.8,1081,1063,1074.25,02/11/2018 12:00:00 AM
1074,1093.5,1064.5,1088.55,05/11/2018 12:00:00 AM
1094.3,1111.95,1093.05,1103.45,06/11/2018 12:00:00 AM
1116.8,1117,1106.6,1110.55,07/11/2018 12:00:00 AM
1106,1113.3,1086,1093.35,09/11/2018 12:00:00 AM
1098.5,1100.05,1074.3,1078.75,12/11/2018 12:00:00 AM
1075.9,1102.8,1071,1099.55,13/11/2018 12:00:00 AM
1105,1112.85,1087,1096.1,14/11/2018 12:00:00 AM
1096,1102.85,1087.1,1096.9,15/11/2018 12:00:00 AM
1096.1,1129.3,1096.1,1127.5,16/11/2018 12:00:00 AM
1132,1151.4,1131.2,1149.6,19/11/2018 12:00:00 AM
1146,1155.45,1130.4,1138.65,20/11/2018 12:00:00 AM
1137,1145.4,1107.05,1112.3,21/11/2018 12:00:00 AM
1114.7,1125.1,1100,1102.85,22/11/2018 12:00:00 AM
1109.95,1117.25,1098.05,1109.6,26/11/2018 12:00:00 AM
1109.5,1129.4,1101.7,1127.5,27/11/2018 12:00:00 AM
1132.3,1157.7,1126.5,1146.25,28/11/2018 12:00:00 AM
1159,1179.9,1158.8,1170,29/11/2018 12:00:00 AM
1172,1186,1162.95,1168.2,30/11/2018 12:00:00 AM
1172.05,1174,1148.65,1156.3,03/12/2018 12:00:00 AM
1157,1157.4,1142.95,1151.55,04/12/2018 12:00:00 AM
1144.7,1159,1139.6,1154.85,05/12/2018 12:00:00 AM
1147.5,1147.85,1118.25,1123.45,06/12/2018 12:00:00 AM
1132.8,1135.2,1109.1,1133.25,07/12/2018 12:00:00 AM
1112.65,1112.75,1084,1088.5,10/12/2018 12:00:00 AM
1066.1,1100.2,1055.35,1096.2,11/12/2018 12:00:00 AM
1100,1113.35,1088.1,1110.5,12/12/2018 12:00:00 AM
1125.6,1126.35,1096.55,1106.8,13/12/2018 12:00:00 AM
1103.9,1115,1092.6,1111.75,14/12/2018 12:00:00 AM
1114.7,1133.8,1110.3,1130.6,17/12/2018 12:00:00 AM
1122,1139.5,1120.8,1136.45,18/12/2018 12:00:00 AM
1138.65,1146.55,1131.4,1137.1,19/12/2018 12:00:00 AM
1124,1131.95,1116.5,1127.25,20/12/2018 12:00:00 AM
1128.3,1131.4,1095,1098.35,21/12/2018 12:00:00 AM
1101.8,1103,1086.5,1090.05,24/12/2018 12:00:00 AM
1087,1100.65,1066.55,1096.95,26/12/2018 12:00:00 AM
1105,1125.9,1104.45,1120,27/12/2018 12:00:00 AM
1123.3,1135.9,1122,1125.8,28/12/2018 12:00:00 AM
1127.15,1133.4,1116.6,1121.05,31/12/2018 12:00:00 AM
1126,1130,1111.55,1121.35,01/01/2019 12:00:00 AM
1116,1126.75,1101.45,1106.3,02/01/2019 12:00:00 AM
1108.05,1114.45,1089.65,1091.75,03/01/2019 12:00:00 AM
1098,1104.35,1081.25,1099.05,04/01/2019 12:00:00 AM
1105.15,1117.95,1101,1103.45,07/01/2019 12:00:00 AM
1106.35,1109.9,1096.1,1103.95,08/01/2019 12:00:00 AM
1111.9,1116,1098.5,1108.4,09/01/2019 12:00:00 AM
1108.4,1110.65,1102.1,1105.65,10/01/2019 12:00:00 AM
1109.3,1114,1089.5,1097.9,11/01/2019 12:00:00 AM
1096.7,1102,1086.25,1096.45,14/01/2019 12:00:00 AM
1103.2,1132.3,1103.2,1129.55,15/01/2019 12:00:00 AM
1134.7,1144.65,1130.25,1134.05,16/01/2019 12:00:00 AM
1141,1147.8,1129.1,1133.75,17/01/2019 12:00:00 AM
1149.7,1189.25,1135.5,1182.95,18/01/2019 12:00:00 AM
1193.9,1237.4,1189.75,1234.5,21/01/2019 12:00:00 AM
1234,1246.25,1219.4,1234.75,22/01/2019 12:00:00 AM
1233.4,1244,1222.5,1225.7,23/01/2019 12:00:00 AM
1225.05,1251.75,1220.1,1245.4,24/01/2019 12:00:00 AM
1250.1,1263,1236.55,1246.25,25/01/2019 12:00:00 AM
1253,1255.45,1221.75,1229.6,28/01/2019 12:00:00 AM
1230,1231.9,1201.6,1210.9,29/01/2019 12:00:00 AM
1215,1224.9,1190.55,1194.8,30/01/2019 12:00:00 AM
1201,1229.8,1201,1227.1,31/01/2019 12:00:00 AM
1234,1253,1225.75,1247.3,01/02/2019 12:00:00 AM
1245.55,1297,1245,1291.15,04/02/2019 12:00:00 AM
1292,1304.25,1278.6,1290.3,05/02/2019 12:00:00 AM
1298,1316.5,1292,1309.85,06/02/2019 12:00:00 AM
1310.95,1320.85,1285.8,1290.2,07/02/2019 12:00:00 AM
1287,1298.7,1272.25,1277.35,08/02/2019 12:00:00 AM